id,DCCP,y_pred,prob_true,prob_false,difference,lime
1874040,1,0,0.5,0.5,0,《现在有个项目被模型预测，其正面(也就是预测为CCP)解释为（该项目），其负面解释(也就是预测为非CCP)为（该项目）。》
2511806,0,1,0.501,0.499,0.002,《现在有个项目被模型预测，其正面(也就是预测为CCP)解释为（该项目），其负面解释(也就是预测为非CCP)为（该项目）。》
2404399,0,0,0.499,0.501,0.002,《现在有个项目被模型预测，其正面(也就是预测为CCP)解释为（该项目），其负面解释(也就是预测为非CCP)为（该项目）。》
576736,1,0,0.498,0.502,0.004,《现在有个项目被模型预测，其正面(也就是预测为CCP)解释为（该项目），其负面解释(也就是预测为非CCP)为（该项目）。》
2227017,0,1,0.503,0.497,0.006,《现在有个项目被模型预测，其正面(也就是预测为CCP)解释为（该项目），其负面解释(也就是预测为非CCP)为（该项目）。》
2837207,0,1,0.503,0.497,0.006,《现在有个项目被模型预测，其正面(也就是预测为CCP)解释为（该项目），其负面解释(也就是预测为非CCP)为（该项目）。》
194969,1,1,0.503,0.497,0.006,《现在有个项目被模型预测，其正面(也就是预测为CCP)解释为（该项目），其负面解释(也就是预测为非CCP)为（该项目）。》
2218249,0,0,0.497,0.503,0.006,《现在有个项目被模型预测，其正面(也就是预测为CCP)解释为（该项目），其负面解释(也就是预测为非CCP)为（该项目）。》
640687,0,1,0.504,0.496,0.008,《现在有个项目被模型预测，其正面(也就是预测为CCP)解释为（该项目），其负面解释(也就是预测为非CCP)为（该项目）。》
2522672,0,1,0.504,0.496,0.008,《现在有个项目被模型预测，其正面(也就是预测为CCP)解释为（该项目），其负面解释(也就是预测为非CCP)为（该项目）。》
2218003,0,0,0.496,0.504,0.008,《现在有个项目被模型预测，其正面(也就是预测为CCP)解释为（该项目），其负面解释(也就是预测为非CCP)为（该项目）。》
34991417,1,0,0.496,0.504,0.008,《现在有个项目被模型预测，其正面(也就是预测为CCP)解释为（该项目），其负面解释(也就是预测为非CCP)为（该项目）。》
1585475,1,1,0.505,0.495,0.01,《现在有个项目被模型预测，其正面(也就是预测为CCP)解释为（该项目），其负面解释(也就是预测为非CCP)为（该项目）。》
2213204,0,1,0.505,0.495,0.01,《现在有个项目被模型预测，其正面(也就是预测为CCP)解释为（该项目），其负面解释(也就是预测为非CCP)为（该项目）。》
2511956,0,0,0.495,0.505,0.01,《现在有个项目被模型预测，其正面(也就是预测为CCP)解释为（该项目），其负面解释(也就是预测为非CCP)为（该项目）。》
2508374,0,1,0.505,0.495,0.01,《现在有个项目被模型预测，其正面(也就是预测为CCP)解释为（该项目），其负面解释(也就是预测为非CCP)为（该项目）。》
5738986,0,1,0.506,0.494,0.012,《现在有个项目被模型预测，其正面(也就是预测为CCP)解释为（该项目），其负面解释(也就是预测为非CCP)为（该项目）。》
502423,0,1,0.506,0.494,0.012,《现在有个项目被模型预测，其正面(也就是预测为CCP)解释为（该项目），其负面解释(也就是预测为非CCP)为（该项目）。》
24156,1,0,0.494,0.506,0.012,《现在有个项目被模型预测，其正面(也就是预测为CCP)解释为（该项目），其负面解释(也就是预测为非CCP)为（该项目）。》
804241,1,0,0.494,0.506,0.012,《现在有个项目被模型预测，其正面(也就是预测为CCP)解释为（该项目），其负面解释(也就是预测为非CCP)为（该项目）。》
2510281,0,0,0.493,0.507,0.014,《现在有个项目被模型预测，其正面(也就是预测为CCP)解释为（该项目），其负面解释(也就是预测为非CCP)为（该项目）。》
2512209,0,0,0.493,0.507,0.014,《现在有个项目被模型预测，其正面(也就是预测为CCP)解释为（该项目），其负面解释(也就是预测为非CCP)为（该项目）。》
3754460,0,1,0.507,0.493,0.014,《现在有个项目被模型预测，其正面(也就是预测为CCP)解释为（该项目），其负面解释(也就是预测为非CCP)为（该项目）。》
10472425,0,1,0.508,0.492,0.016,《现在有个项目被模型预测，其正面(也就是预测为CCP)解释为（该项目），其负面解释(也就是预测为非CCP)为（该项目）。》
2510121,0,0,0.492,0.508,0.016,《现在有个项目被模型预测，其正面(也就是预测为CCP)解释为（该项目），其负面解释(也就是预测为非CCP)为（该项目）。》
583172,0,1,0.508,0.492,0.016,《现在有个项目被模型预测，其正面(也就是预测为CCP)解释为（该项目），其负面解释(也就是预测为非CCP)为（该项目）。》
2229245,0,0,0.492,0.508,0.016,《现在有个项目被模型预测，其正面(也就是预测为CCP)解释为（该项目），其负面解释(也就是预测为非CCP)为（该项目）。》
699419,1,1,0.509,0.491,0.018,《现在有个项目被模型预测，其正面(也就是预测为CCP)解释为（该项目），其负面解释(也就是预测为非CCP)为（该项目）。》
2514198,0,0,0.491,0.509,0.018,《现在有个项目被模型预测，其正面(也就是预测为CCP)解释为（该项目），其负面解释(也就是预测为非CCP)为（该项目）。》
95298,1,1,0.51,0.49,0.02,《现在有个项目被模型预测，其正面(也就是预测为CCP)解释为（该项目），其负面解释(也就是预测为非CCP)为（该项目）。》
2227263,1,1,0.51,0.49,0.02,《现在有个项目被模型预测，其正面(也就是预测为CCP)解释为（该项目），其负面解释(也就是预测为非CCP)为（该项目）。》
2514986,1,0,0.49,0.51,0.02,《现在有个项目被模型预测，其正面(也就是预测为CCP)解释为（该项目），其负面解释(也就是预测为非CCP)为（该项目）。》
10387858,0,0,0.49,0.51,0.02,《现在有个项目被模型预测，其正面(也就是预测为CCP)解释为（该项目），其负面解释(也就是预测为非CCP)为（该项目）。》
518734,1,0,0.49,0.51,0.02,《现在有个项目被模型预测，其正面(也就是预测为CCP)解释为（该项目），其负面解释(也就是预测为非CCP)为（该项目）。》
2256019,1,0,0.489,0.511,0.022,《现在有个项目被模型预测，其正面(也就是预测为CCP)解释为（该项目），其负面解释(也就是预测为非CCP)为（该项目）。》
2423986,0,1,0.511,0.489,0.022,《现在有个项目被模型预测，其正面(也就是预测为CCP)解释为（该项目），其负面解释(也就是预测为非CCP)为（该项目）。》
878736,0,0,0.489,0.511,0.022,《现在有个项目被模型预测，其正面(也就是预测为CCP)解释为（该项目），其负面解释(也就是预测为非CCP)为（该项目）。》
2514162,0,1,0.511,0.489,0.022,《现在有个项目被模型预测，其正面(也就是预测为CCP)解释为（该项目），其负面解释(也就是预测为非CCP)为（该项目）。》
2515334,0,0,0.489,0.511,0.022,《现在有个项目被模型预测，其正面(也就是预测为CCP)解释为（该项目），其负面解释(也就是预测为非CCP)为（该项目）。》
1331613,1,0,0.488,0.512,0.024,《现在有个项目被模型预测，其正面(也就是预测为CCP)解释为（该项目），其负面解释(也就是预测为非CCP)为（该项目）。》
34597437,0,0,0.488,0.512,0.024,《现在有个项目被模型预测，其正面(也就是预测为CCP)解释为（该项目），其负面解释(也就是预测为非CCP)为（该项目）。》
14611819,1,1,0.512,0.488,0.024,《现在有个项目被模型预测，其正面(也就是预测为CCP)解释为（该项目），其负面解释(也就是预测为非CCP)为（该项目）。》
2509316,0,0,0.487,0.513,0.026,《现在有个项目被模型预测，其正面(也就是预测为CCP)解释为（该项目），其负面解释(也就是预测为非CCP)为（该项目）。》
2509186,0,0,0.487,0.513,0.026,《现在有个项目被模型预测，其正面(也就是预测为CCP)解释为（该项目），其负面解释(也就是预测为非CCP)为（该项目）。》
205645,0,0,0.486,0.514,0.028,《现在有个项目被模型预测，其正面(也就是预测为CCP)解释为（该项目），其负面解释(也就是预测为非CCP)为（该项目）。》
2198716,1,1,0.514,0.486,0.028,《现在有个项目被模型预测，其正面(也就是预测为CCP)解释为（该项目），其负面解释(也就是预测为非CCP)为（该项目）。》
2155163,0,1,0.514,0.486,0.028,《现在有个项目被模型预测，其正面(也就是预测为CCP)解释为（该项目），其负面解释(也就是预测为非CCP)为（该项目）。》
526681,1,0,0.486,0.514,0.028,《现在有个项目被模型预测，其正面(也就是预测为CCP)解释为（该项目），其负面解释(也就是预测为非CCP)为（该项目）。》
758312,1,1,0.515,0.485,0.03,《现在有个项目被模型预测，其正面(也就是预测为CCP)解释为（该项目），其负面解释(也就是预测为非CCP)为（该项目）。》
54223,0,0,0.484,0.516,0.032,《现在有个项目被模型预测，其正面(也就是预测为CCP)解释为（该项目），其负面解释(也就是预测为非CCP)为（该项目）。》
34954886,1,0,0.484,0.516,0.032,《现在有个项目被模型预测，其正面(也就是预测为CCP)解释为（该项目），其负面解释(也就是预测为非CCP)为（该项目）。》
34959302,0,0,0.484,0.516,0.032,《现在有个项目被模型预测，其正面(也就是预测为CCP)解释为（该项目），其负面解释(也就是预测为非CCP)为（该项目）。》
11537206,0,1,0.516,0.484,0.032,《现在有个项目被模型预测，其正面(也就是预测为CCP)解释为（该项目），其负面解释(也就是预测为非CCP)为（该项目）。》
2508968,0,1,0.517,0.483,0.034,《现在有个项目被模型预测，其正面(也就是预测为CCP)解释为（该项目），其负面解释(也就是预测为非CCP)为（该项目）。》
2611529,1,0,0.483,0.517,0.034,《现在有个项目被模型预测，其正面(也就是预测为CCP)解释为（该项目），其负面解释(也就是预测为非CCP)为（该项目）。》
9982022,0,1,0.517,0.483,0.034,《现在有个项目被模型预测，其正面(也就是预测为CCP)解释为（该项目），其负面解释(也就是预测为非CCP)为（该项目）。》
2507898,0,0,0.483,0.517,0.034,《现在有个项目被模型预测，其正面(也就是预测为CCP)解释为（该项目），其负面解释(也就是预测为非CCP)为（该项目）。》
92259,1,0,0.483,0.517,0.034,《现在有个项目被模型预测，其正面(也就是预测为CCP)解释为（该项目），其负面解释(也就是预测为非CCP)为（该项目）。》
619610,1,1,0.518,0.482,0.036,《现在有个项目被模型预测，其正面(也就是预测为CCP)解释为（该项目），其负面解释(也就是预测为非CCP)为（该项目）。》
2201593,0,0,0.482,0.518,0.036,《现在有个项目被模型预测，其正面(也就是预测为CCP)解释为（该项目），其负面解释(也就是预测为非CCP)为（该项目）。》
2513390,0,1,0.518,0.482,0.036,《现在有个项目被模型预测，其正面(也就是预测为CCP)解释为（该项目），其负面解释(也就是预测为非CCP)为（该项目）。》
2515811,0,0,0.482,0.518,0.036,《现在有个项目被模型预测，其正面(也就是预测为CCP)解释为（该项目），其负面解释(也就是预测为非CCP)为（该项目）。》
2195614,1,0,0.48,0.52,0.04,《现在有个项目被模型预测，其正面(也就是预测为CCP)解释为（该项目），其负面解释(也就是预测为非CCP)为（该项目）。》
1623484,1,0,0.48,0.52,0.04,《现在有个项目被模型预测，其正面(也就是预测为CCP)解释为（该项目），其负面解释(也就是预测为非CCP)为（该项目）。》
2200508,0,0,0.479,0.521,0.042,《现在有个项目被模型预测，其正面(也就是预测为CCP)解释为（该项目），其负面解释(也就是预测为非CCP)为（该项目）。》
476627,1,0,0.479,0.521,0.042,《现在有个项目被模型预测，其正面(也就是预测为CCP)解释为（该项目），其负面解释(也就是预测为非CCP)为（该项目）。》
4494456,1,1,0.521,0.479,0.042,《现在有个项目被模型预测，其正面(也就是预测为CCP)解释为（该项目），其负面解释(也就是预测为非CCP)为（该项目）。》
976612,0,0,0.478,0.522,0.044,《现在有个项目被模型预测，其正面(也就是预测为CCP)解释为（该项目），其负面解释(也就是预测为非CCP)为（该项目）。》
889974,1,1,0.522,0.478,0.044,《现在有个项目被模型预测，其正面(也就是预测为CCP)解释为（该项目），其负面解释(也就是预测为非CCP)为（该项目）。》
2229394,1,1,0.522,0.478,0.044,《现在有个项目被模型预测，其正面(也就是预测为CCP)解释为（该项目），其负面解释(也就是预测为非CCP)为（该项目）。》
2514773,0,0,0.478,0.522,0.044,《现在有个项目被模型预测，其正面(也就是预测为CCP)解释为（该项目），其负面解释(也就是预测为非CCP)为（该项目）。》
2514308,0,0,0.478,0.522,0.044,《现在有个项目被模型预测，其正面(也就是预测为CCP)解释为（该项目），其负面解释(也就是预测为非CCP)为（该项目）。》
2511023,1,1,0.522,0.478,0.044,《现在有个项目被模型预测，其正面(也就是预测为CCP)解释为（该项目），其负面解释(也就是预测为非CCP)为（该项目）。》
63044,1,1,0.522,0.478,0.044,《现在有个项目被模型预测，其正面(也就是预测为CCP)解释为（该项目），其负面解释(也就是预测为非CCP)为（该项目）。》
2515423,1,0,0.477,0.523,0.046,《现在有个项目被模型预测，其正面(也就是预测为CCP)解释为（该项目），其负面解释(也就是预测为非CCP)为（该项目）。》
2512547,1,1,0.523,0.477,0.046,《现在有个项目被模型预测，其正面(也就是预测为CCP)解释为（该项目），其负面解释(也就是预测为非CCP)为（该项目）。》
229175,1,1,0.524,0.476,0.048,《现在有个项目被模型预测，其正面(也就是预测为CCP)解释为（该项目），其负面解释(也就是预测为非CCP)为（该项目）。》
2511953,1,1,0.524,0.476,0.048,《现在有个项目被模型预测，其正面(也就是预测为CCP)解释为（该项目），其负面解释(也就是预测为非CCP)为（该项目）。》
24350,1,0,0.476,0.524,0.048,《现在有个项目被模型预测，其正面(也就是预测为CCP)解释为（该项目），其负面解释(也就是预测为非CCP)为（该项目）。》
1430170,1,0,0.476,0.524,0.048,《现在有个项目被模型预测，其正面(也就是预测为CCP)解释为（该项目），其负面解释(也就是预测为非CCP)为（该项目）。》
6955375,1,1,0.525,0.475,0.05,《现在有个项目被模型预测，其正面(也就是预测为CCP)解释为（该项目），其负面解释(也就是预测为非CCP)为（该项目）。》
77307,0,1,0.526,0.474,0.052,《现在有个项目被模型预测，其正面(也就是预测为CCP)解释为（该项目），其负面解释(也就是预测为非CCP)为（该项目）。》
2515013,0,1,0.526,0.474,0.052,《现在有个项目被模型预测，其正面(也就是预测为CCP)解释为（该项目），其负面解释(也就是预测为非CCP)为（该项目）。》
5633711,1,0,0.474,0.526,0.052,《现在有个项目被模型预测，其正面(也就是预测为CCP)解释为（该项目），其负面解释(也就是预测为非CCP)为（该项目）。》
184983,0,1,0.527,0.473,0.054,《现在有个项目被模型预测，其正面(也就是预测为CCP)解释为（该项目），其负面解释(也就是预测为非CCP)为（该项目）。》
2514927,0,0,0.472,0.528,0.056,《现在有个项目被模型预测，其正面(也就是预测为CCP)解释为（该项目），其负面解释(也就是预测为非CCP)为（该项目）。》
2513419,0,0,0.472,0.528,0.056,《现在有个项目被模型预测，其正面(也就是预测为CCP)解释为（该项目），其负面解释(也就是预测为非CCP)为（该项目）。》
1229472,0,0,0.472,0.528,0.056,《现在有个项目被模型预测，其正面(也就是预测为CCP)解释为（该项目），其负面解释(也就是预测为非CCP)为（该项目）。》
1083456,0,0,0.472,0.528,0.056,《现在有个项目被模型预测，其正面(也就是预测为CCP)解释为（该项目），其负面解释(也就是预测为非CCP)为（该项目）。》
515947,1,1,0.529,0.471,0.058,《现在有个项目被模型预测，其正面(也就是预测为CCP)解释为（该项目），其负面解释(也就是预测为非CCP)为（该项目）。》
10985498,0,1,0.529,0.471,0.058,《现在有个项目被模型预测，其正面(也就是预测为CCP)解释为（该项目），其负面解释(也就是预测为非CCP)为（该项目）。》
576360,0,0,0.471,0.529,0.058,《现在有个项目被模型预测，其正面(也就是预测为CCP)解释为（该项目），其负面解释(也就是预测为非CCP)为（该项目）。》
1361275,0,1,0.53,0.47,0.06,《现在有个项目被模型预测，其正面(也就是预测为CCP)解释为（该项目），其负面解释(也就是预测为非CCP)为（该项目）。》
40667,1,0,0.47,0.53,0.06,《现在有个项目被模型预测，其正面(也就是预测为CCP)解释为（该项目），其负面解释(也就是预测为非CCP)为（该项目）。》
2509170,0,0,0.469,0.531,0.062,《现在有个项目被模型预测，其正面(也就是预测为CCP)解释为（该项目），其负面解释(也就是预测为非CCP)为（该项目）。》
2847953,0,0,0.469,0.531,0.062,《现在有个项目被模型预测，其正面(也就是预测为CCP)解释为（该项目），其负面解释(也就是预测为非CCP)为（该项目）。》
2507218,1,0,0.469,0.531,0.062,《现在有个项目被模型预测，其正面(也就是预测为CCP)解释为（该项目），其负面解释(也就是预测为非CCP)为（该项目）。》
2510046,0,1,0.531,0.469,0.062,《现在有个项目被模型预测，其正面(也就是预测为CCP)解释为（该项目），其负面解释(也就是预测为非CCP)为（该项目）。》
226852,1,0,0.468,0.532,0.064,《现在有个项目被模型预测，其正面(也就是预测为CCP)解释为（该项目），其负面解释(也就是预测为非CCP)为（该项目）。》
702887,0,0,0.468,0.532,0.064,《现在有个项目被模型预测，其正面(也就是预测为CCP)解释为（该项目），其负面解释(也就是预测为非CCP)为（该项目）。》
2510619,1,0,0.468,0.532,0.064,《现在有个项目被模型预测，其正面(也就是预测为CCP)解释为（该项目），其负面解释(也就是预测为非CCP)为（该项目）。》
2512386,1,0,0.468,0.532,0.064,《现在有个项目被模型预测，其正面(也就是预测为CCP)解释为（该项目），其负面解释(也就是预测为非CCP)为（该项目）。》
17807374,0,0,0.468,0.532,0.064,《现在有个项目被模型预测，其正面(也就是预测为CCP)解释为（该项目），其负面解释(也就是预测为非CCP)为（该项目）。》
526134,1,1,0.532,0.468,0.064,《现在有个项目被模型预测，其正面(也就是预测为CCP)解释为（该项目），其负面解释(也就是预测为非CCP)为（该项目）。》
7620092,1,0,0.468,0.532,0.064,《现在有个项目被模型预测，其正面(也就是预测为CCP)解释为（该项目），其负面解释(也就是预测为非CCP)为（该项目）。》
492110,0,1,0.533,0.467,0.066,《现在有个项目被模型预测，其正面(也就是预测为CCP)解释为（该项目），其负面解释(也就是预测为非CCP)为（该项目）。》
678303,0,0,0.467,0.533,0.066,《现在有个项目被模型预测，其正面(也就是预测为CCP)解释为（该项目），其负面解释(也就是预测为非CCP)为（该项目）。》
1214565,1,1,0.533,0.467,0.066,《现在有个项目被模型预测，其正面(也就是预测为CCP)解释为（该项目），其负面解释(也就是预测为非CCP)为（该项目）。》
2506232,0,0,0.467,0.533,0.066,《现在有个项目被模型预测，其正面(也就是预测为CCP)解释为（该项目），其负面解释(也就是预测为非CCP)为（该项目）。》
2515178,0,1,0.533,0.467,0.066,《现在有个项目被模型预测，其正面(也就是预测为CCP)解释为（该项目），其负面解释(也就是预测为非CCP)为（该项目）。》
2514711,0,0,0.467,0.533,0.066,《现在有个项目被模型预测，其正面(也就是预测为CCP)解释为（该项目），其负面解释(也就是预测为非CCP)为（该项目）。》
232776,1,0,0.466,0.534,0.068,《现在有个项目被模型预测，其正面(也就是预测为CCP)解释为（该项目），其负面解释(也就是预测为非CCP)为（该项目）。》
599518,1,1,0.534,0.466,0.068,《现在有个项目被模型预测，其正面(也就是预测为CCP)解释为（该项目），其负面解释(也就是预测为非CCP)为（该项目）。》
2513402,0,0,0.466,0.534,0.068,《现在有个项目被模型预测，其正面(也就是预测为CCP)解释为（该项目），其负面解释(也就是预测为非CCP)为（该项目）。》
1029559,0,0,0.466,0.534,0.068,《现在有个项目被模型预测，其正面(也就是预测为CCP)解释为（该项目），其负面解释(也就是预测为非CCP)为（该项目）。》
2226330,0,0,0.465,0.535,0.07,《现在有个项目被模型预测，其正面(也就是预测为CCP)解释为（该项目），其负面解释(也就是预测为非CCP)为（该项目）。》
1245083,1,1,0.535,0.465,0.07,《现在有个项目被模型预测，其正面(也就是预测为CCP)解释为（该项目），其负面解释(也就是预测为非CCP)为（该项目）。》
2226938,0,0,0.465,0.535,0.07,《现在有个项目被模型预测，其正面(也就是预测为CCP)解释为（该项目），其负面解释(也就是预测为非CCP)为（该项目）。》
121166,1,0,0.464,0.536,0.072,《现在有个项目被模型预测，其正面(也就是预测为CCP)解释为（该项目），其负面解释(也就是预测为非CCP)为（该项目）。》
2515410,0,0,0.464,0.536,0.072,《现在有个项目被模型预测，其正面(也就是预测为CCP)解释为（该项目），其负面解释(也就是预测为非CCP)为（该项目）。》
2513392,1,1,0.536,0.464,0.072,《现在有个项目被模型预测，其正面(也就是预测为CCP)解释为（该项目），其负面解释(也就是预测为非CCP)为（该项目）。》
40590,0,0,0.464,0.536,0.072,《现在有个项目被模型预测，其正面(也就是预测为CCP)解释为（该项目），其负面解释(也就是预测为非CCP)为（该项目）。》
397707,1,0,0.464,0.536,0.072,《现在有个项目被模型预测，其正面(也就是预测为CCP)解释为（该项目），其负面解释(也就是预测为非CCP)为（该项目）。》
415694,1,0,0.464,0.536,0.072,《现在有个项目被模型预测，其正面(也就是预测为CCP)解释为（该项目），其负面解释(也就是预测为非CCP)为（该项目）。》
2224582,0,0,0.464,0.536,0.072,《现在有个项目被模型预测，其正面(也就是预测为CCP)解释为（该项目），其负面解释(也就是预测为非CCP)为（该项目）。》
656969,1,1,0.537,0.463,0.074,《现在有个项目被模型预测，其正面(也就是预测为CCP)解释为（该项目），其负面解释(也就是预测为非CCP)为（该项目）。》
851505,1,1,0.537,0.463,0.074,《现在有个项目被模型预测，其正面(也就是预测为CCP)解释为（该项目），其负面解释(也就是预测为非CCP)为（该项目）。》
2508019,0,1,0.537,0.463,0.074,《现在有个项目被模型预测，其正面(也就是预测为CCP)解释为（该项目），其负面解释(也就是预测为非CCP)为（该项目）。》
94414,1,1,0.537,0.463,0.074,《现在有个项目被模型预测，其正面(也就是预测为CCP)解释为（该项目），其负面解释(也就是预测为非CCP)为（该项目）。》
1259531,0,0,0.462,0.538,0.076,《现在有个项目被模型预测，其正面(也就是预测为CCP)解释为（该项目），其负面解释(也就是预测为非CCP)为（该项目）。》
2230948,0,1,0.539,0.461,0.078,《现在有个项目被模型预测，其正面(也就是预测为CCP)解释为（该项目），其负面解释(也就是预测为非CCP)为（该项目）。》
1526740,0,0,0.461,0.539,0.078,《现在有个项目被模型预测，其正面(也就是预测为CCP)解释为（该项目），其负面解释(也就是预测为非CCP)为（该项目）。》
360356,1,0,0.461,0.539,0.078,《现在有个项目被模型预测，其正面(也就是预测为CCP)解释为（该项目），其负面解释(也就是预测为非CCP)为（该项目）。》
1838490,1,0,0.461,0.539,0.078,《现在有个项目被模型预测，其正面(也就是预测为CCP)解释为（该项目），其负面解释(也就是预测为非CCP)为（该项目）。》
2222914,0,0,0.461,0.539,0.078,《现在有个项目被模型预测，其正面(也就是预测为CCP)解释为（该项目），其负面解释(也就是预测为非CCP)为（该项目）。》
13895,1,1,0.54,0.46,0.08,《现在有个项目被模型预测，其正面(也就是预测为CCP)解释为（该项目），其负面解释(也就是预测为非CCP)为（该项目）。》
2510432,1,1,0.54,0.46,0.08,《现在有个项目被模型预测，其正面(也就是预测为CCP)解释为（该项目），其负面解释(也就是预测为非CCP)为（该项目）。》
2517393,0,0,0.46,0.54,0.08,《现在有个项目被模型预测，其正面(也就是预测为CCP)解释为（该项目），其负面解释(也就是预测为非CCP)为（该项目）。》
86700,0,1,0.541,0.459,0.082,《现在有个项目被模型预测，其正面(也就是预测为CCP)解释为（该项目），其负面解释(也就是预测为非CCP)为（该项目）。》
136045,0,0,0.459,0.541,0.082,《现在有个项目被模型预测，其正面(也就是预测为CCP)解释为（该项目），其负面解释(也就是预测为非CCP)为（该项目）。》
2518468,0,0,0.458,0.542,0.084,《现在有个项目被模型预测，其正面(也就是预测为CCP)解释为（该项目），其负面解释(也就是预测为非CCP)为（该项目）。》
2522452,0,1,0.542,0.458,0.084,《现在有个项目被模型预测，其正面(也就是预测为CCP)解释为（该项目），其负面解释(也就是预测为非CCP)为（该项目）。》
423021,1,1,0.542,0.458,0.084,《现在有个项目被模型预测，其正面(也就是预测为CCP)解释为（该项目），其负面解释(也就是预测为非CCP)为（该项目）。》
649387,1,1,0.542,0.458,0.084,《现在有个项目被模型预测，其正面(也就是预测为CCP)解释为（该项目），其负面解释(也就是预测为非CCP)为（该项目）。》
600837,0,0,0.457,0.543,0.086,《现在有个项目被模型预测，其正面(也就是预测为CCP)解释为（该项目），其负面解释(也就是预测为非CCP)为（该项目）。》
2150384,0,1,0.543,0.457,0.086,《现在有个项目被模型预测，其正面(也就是预测为CCP)解释为（该项目），其负面解释(也就是预测为非CCP)为（该项目）。》
2509642,0,0,0.457,0.543,0.086,《现在有个项目被模型预测，其正面(也就是预测为CCP)解释为（该项目），其负面解释(也就是预测为非CCP)为（该项目）。》
295047,0,0,0.457,0.543,0.086,《现在有个项目被模型预测，其正面(也就是预测为CCP)解释为（该项目），其负面解释(也就是预测为非CCP)为（该项目）。》
1021714,0,0,0.457,0.543,0.086,《现在有个项目被模型预测，其正面(也就是预测为CCP)解释为（该项目），其负面解释(也就是预测为非CCP)为（该项目）。》
749595,1,0,0.456,0.544,0.088,《现在有个项目被模型预测，其正面(也就是预测为CCP)解释为（该项目），其负面解释(也就是预测为非CCP)为（该项目）。》
931564,0,0,0.456,0.544,0.088,《现在有个项目被模型预测，其正面(也就是预测为CCP)解释为（该项目），其负面解释(也就是预测为非CCP)为（该项目）。》
530239,0,0,0.455,0.545,0.09,《现在有个项目被模型预测，其正面(也就是预测为CCP)解释为（该项目），其负面解释(也就是预测为非CCP)为（该项目）。》
1013374,1,1,0.545,0.455,0.09,《现在有个项目被模型预测，其正面(也就是预测为CCP)解释为（该项目），其负面解释(也就是预测为非CCP)为（该项目）。》
2508536,1,0,0.455,0.545,0.09,《现在有个项目被模型预测，其正面(也就是预测为CCP)解释为（该项目），其负面解释(也就是预测为非CCP)为（该项目）。》
2514681,1,1,0.545,0.455,0.09,《现在有个项目被模型预测，其正面(也就是预测为CCP)解释为（该项目），其负面解释(也就是预测为非CCP)为（该项目）。》
358116,0,1,0.545,0.455,0.09,《现在有个项目被模型预测，其正面(也就是预测为CCP)解释为（该项目），其负面解释(也就是预测为非CCP)为（该项目）。》
2225535,1,1,0.546,0.454,0.092,《现在有个项目被模型预测，其正面(也就是预测为CCP)解释为（该项目），其负面解释(也就是预测为非CCP)为（该项目）。》
2330749,0,0,0.453,0.547,0.094,《现在有个项目被模型预测，其正面(也就是预测为CCP)解释为（该项目），其负面解释(也就是预测为非CCP)为（该项目）。》
2525346,1,1,0.547,0.453,0.094,《现在有个项目被模型预测，其正面(也就是预测为CCP)解释为（该项目），其负面解释(也就是预测为非CCP)为（该项目）。》
422168,0,0,0.453,0.547,0.094,《现在有个项目被模型预测，其正面(也就是预测为CCP)解释为（该项目），其负面解释(也就是预测为非CCP)为（该项目）。》
12222717,0,0,0.453,0.547,0.094,《现在有个项目被模型预测，其正面(也就是预测为CCP)解释为（该项目），其负面解释(也就是预测为非CCP)为（该项目）。》
569127,0,1,0.548,0.452,0.096,《现在有个项目被模型预测，其正面(也就是预测为CCP)解释为（该项目），其负面解释(也就是预测为非CCP)为（该项目）。》
2208192,1,1,0.548,0.452,0.096,《现在有个项目被模型预测，其正面(也就是预测为CCP)解释为（该项目），其负面解释(也就是预测为非CCP)为（该项目）。》
2510844,0,1,0.548,0.452,0.096,《现在有个项目被模型预测，其正面(也就是预测为CCP)解释为（该项目），其负面解释(也就是预测为非CCP)为（该项目）。》
2642800,1,0,0.452,0.548,0.096,《现在有个项目被模型预测，其正面(也就是预测为CCP)解释为（该项目），其负面解释(也就是预测为非CCP)为（该项目）。》
2506807,0,0,0.452,0.548,0.096,《现在有个项目被模型预测，其正面(也就是预测为CCP)解释为（该项目），其负面解释(也就是预测为非CCP)为（该项目）。》
206244,1,0,0.452,0.548,0.096,《现在有个项目被模型预测，其正面(也就是预测为CCP)解释为（该项目），其负面解释(也就是预测为非CCP)为（该项目）。》
139619,1,1,0.549,0.451,0.098,《现在有个项目被模型预测，其正面(也就是预测为CCP)解释为（该项目），其负面解释(也就是预测为非CCP)为（该项目）。》
2536556,1,0,0.451,0.549,0.098,《现在有个项目被模型预测，其正面(也就是预测为CCP)解释为（该项目），其负面解释(也就是预测为非CCP)为（该项目）。》
1428257,0,0,0.45,0.55,0.1,《现在有个项目被模型预测，其正面(也就是预测为CCP)解释为（该项目），其负面解释(也就是预测为非CCP)为（该项目）。》
2541784,1,1,0.55,0.45,0.1,《现在有个项目被模型预测，其正面(也就是预测为CCP)解释为（该项目），其负面解释(也就是预测为非CCP)为（该项目）。》
88437,1,0,0.449,0.551,0.102,《现在有个项目被模型预测，其正面(也就是预测为CCP)解释为（该项目），其负面解释(也就是预测为非CCP)为（该项目）。》
2506893,1,0,0.449,0.551,0.102,《现在有个项目被模型预测，其正面(也就是预测为CCP)解释为（该项目），其负面解释(也就是预测为非CCP)为（该项目）。》
2517260,0,0,0.449,0.551,0.102,《现在有个项目被模型预测，其正面(也就是预测为CCP)解释为（该项目），其负面解释(也就是预测为非CCP)为（该项目）。》
4686147,0,1,0.551,0.449,0.102,《现在有个项目被模型预测，其正面(也就是预测为CCP)解释为（该项目），其负面解释(也就是预测为非CCP)为（该项目）。》
2508212,0,0,0.449,0.551,0.102,《现在有个项目被模型预测，其正面(也就是预测为CCP)解释为（该项目），其负面解释(也就是预测为非CCP)为（该项目）。》
44517,0,1,0.552,0.448,0.104,《现在有个项目被模型预测，其正面(也就是预测为CCP)解释为（该项目），其负面解释(也就是预测为非CCP)为（该项目）。》
933525,0,1,0.552,0.448,0.104,《现在有个项目被模型预测，其正面(也就是预测为CCP)解释为（该项目），其负面解释(也就是预测为非CCP)为（该项目）。》
2510794,0,0,0.448,0.552,0.104,《现在有个项目被模型预测，其正面(也就是预测为CCP)解释为（该项目），其负面解释(也就是预测为非CCP)为（该项目）。》
2513178,0,1,0.552,0.448,0.104,《现在有个项目被模型预测，其正面(也就是预测为CCP)解释为（该项目），其负面解释(也就是预测为非CCP)为（该项目）。》
74238,0,0,0.447,0.553,0.106,《现在有个项目被模型预测，其正面(也就是预测为CCP)解释为（该项目），其负面解释(也就是预测为非CCP)为（该项目）。》
1183922,0,1,0.553,0.447,0.106,《现在有个项目被模型预测，其正面(也就是预测为CCP)解释为（该项目），其负面解释(也就是预测为非CCP)为（该项目）。》
2514510,0,0,0.447,0.553,0.106,《现在有个项目被模型预测，其正面(也就是预测为CCP)解释为（该项目），其负面解释(也就是预测为非CCP)为（该项目）。》
108551,0,1,0.553,0.447,0.106,《现在有个项目被模型预测，其正面(也就是预测为CCP)解释为（该项目），其负面解释(也就是预测为非CCP)为（该项目）。》
14470,0,0,0.447,0.553,0.106,《现在有个项目被模型预测，其正面(也就是预测为CCP)解释为（该项目），其负面解释(也就是预测为非CCP)为（该项目）。》
937218,0,1,0.553,0.447,0.106,《现在有个项目被模型预测，其正面(也就是预测为CCP)解释为（该项目），其负面解释(也就是预测为非CCP)为（该项目）。》
1011868,1,1,0.554,0.446,0.108,《现在有个项目被模型预测，其正面(也就是预测为CCP)解释为（该项目），其负面解释(也就是预测为非CCP)为（该项目）。》
2512062,0,0,0.446,0.554,0.108,《现在有个项目被模型预测，其正面(也就是预测为CCP)解释为（该项目），其负面解释(也就是预测为非CCP)为（该项目）。》
2198134,0,0,0.446,0.554,0.108,《现在有个项目被模型预测，其正面(也就是预测为CCP)解释为（该项目），其负面解释(也就是预测为非CCP)为（该项目）。》
2394654,1,0,0.445,0.555,0.11,《现在有个项目被模型预测，其正面(也就是预测为CCP)解释为（该项目），其负面解释(也就是预测为非CCP)为（该项目）。》
2508370,1,1,0.555,0.445,0.11,《现在有个项目被模型预测，其正面(也就是预测为CCP)解释为（该项目），其负面解释(也就是预测为非CCP)为（该项目）。》
454367,0,0,0.445,0.555,0.11,《现在有个项目被模型预测，其正面(也就是预测为CCP)解释为（该项目），其负面解释(也就是预测为非CCP)为（该项目）。》
428053,0,1,0.556,0.444,0.112,《现在有个项目被模型预测，其正面(也就是预测为CCP)解释为（该项目），其负面解释(也就是预测为非CCP)为（该项目）。》
2239921,1,0,0.444,0.556,0.112,《现在有个项目被模型预测，其正面(也就是预测为CCP)解释为（该项目），其负面解释(也就是预测为非CCP)为（该项目）。》
6386525,1,0,0.444,0.556,0.112,《现在有个项目被模型预测，其正面(也就是预测为CCP)解释为（该项目），其负面解释(也就是预测为非CCP)为（该项目）。》
411421,1,0,0.443,0.557,0.114,《现在有个项目被模型预测，其正面(也就是预测为CCP)解释为（该项目），其负面解释(也就是预测为非CCP)为（该项目）。》
2195618,1,1,0.558,0.442,0.116,《现在有个项目被模型预测，其正面(也就是预测为CCP)解释为（该项目），其负面解释(也就是预测为非CCP)为（该项目）。》
1325831,0,0,0.442,0.558,0.116,《现在有个项目被模型预测，其正面(也就是预测为CCP)解释为（该项目），其负面解释(也就是预测为非CCP)为（该项目）。》
10446,0,1,0.559,0.441,0.118,《现在有个项目被模型预测，其正面(也就是预测为CCP)解释为（该项目），其负面解释(也就是预测为非CCP)为（该项目）。》
111975,0,0,0.441,0.559,0.118,《现在有个项目被模型预测，其正面(也就是预测为CCP)解释为（该项目），其负面解释(也就是预测为非CCP)为（该项目）。》
475343,0,0,0.441,0.559,0.118,《现在有个项目被模型预测，其正面(也就是预测为CCP)解释为（该项目），其负面解释(也就是预测为非CCP)为（该项目）。》
684458,0,0,0.44,0.56,0.12,《现在有个项目被模型预测，其正面(也就是预测为CCP)解释为（该项目），其负面解释(也就是预测为非CCP)为（该项目）。》
171704,0,0,0.44,0.56,0.12,《现在有个项目被模型预测，其正面(也就是预测为CCP)解释为（该项目），其负面解释(也就是预测为非CCP)为（该项目）。》
548282,0,1,0.56,0.44,0.12,《现在有个项目被模型预测，其正面(也就是预测为CCP)解释为（该项目），其负面解释(也就是预测为非CCP)为（该项目）。》
2513227,0,0,0.44,0.56,0.12,《现在有个项目被模型预测，其正面(也就是预测为CCP)解释为（该项目），其负面解释(也就是预测为非CCP)为（该项目）。》
30459134,1,1,0.56,0.44,0.12,《现在有个项目被模型预测，其正面(也就是预测为CCP)解释为（该项目），其负面解释(也就是预测为非CCP)为（该项目）。》
2515020,1,1,0.56,0.44,0.12,《现在有个项目被模型预测，其正面(也就是预测为CCP)解释为（该项目），其负面解释(也就是预测为非CCP)为（该项目）。》
1006368,1,0,0.439,0.561,0.122,《现在有个项目被模型预测，其正面(也就是预测为CCP)解释为（该项目），其负面解释(也就是预测为非CCP)为（该项目）。》
747567,0,0,0.439,0.561,0.122,《现在有个项目被模型预测，其正面(也就是预测为CCP)解释为（该项目），其负面解释(也就是预测为非CCP)为（该项目）。》
662649,1,0,0.439,0.561,0.122,《现在有个项目被模型预测，其正面(也就是预测为CCP)解释为（该项目），其负面解释(也就是预测为非CCP)为（该项目）。》
2150608,0,0,0.439,0.561,0.122,《现在有个项目被模型预测，其正面(也就是预测为CCP)解释为（该项目），其负面解释(也就是预测为非CCP)为（该项目）。》
2230834,0,0,0.439,0.561,0.122,《现在有个项目被模型预测，其正面(也就是预测为CCP)解释为（该项目），其负面解释(也就是预测为非CCP)为（该项目）。》
805328,0,1,0.562,0.438,0.124,《现在有个项目被模型预测，其正面(也就是预测为CCP)解释为（该项目），其负面解释(也就是预测为非CCP)为（该项目）。》
2348008,1,1,0.562,0.438,0.124,《现在有个项目被模型预测，其正面(也就是预测为CCP)解释为（该项目），其负面解释(也就是预测为非CCP)为（该项目）。》
2509065,0,0,0.438,0.562,0.124,《现在有个项目被模型预测，其正面(也就是预测为CCP)解释为（该项目），其负面解释(也就是预测为非CCP)为（该项目）。》
3709288,0,1,0.562,0.438,0.124,《现在有个项目被模型预测，其正面(也就是预测为CCP)解释为（该项目），其负面解释(也就是预测为非CCP)为（该项目）。》
2513432,1,0,0.438,0.562,0.124,《现在有个项目被模型预测，其正面(也就是预测为CCP)解释为（该项目），其负面解释(也就是预测为非CCP)为（该项目）。》
1914831,1,1,0.563,0.437,0.126,《现在有个项目被模型预测，其正面(也就是预测为CCP)解释为（该项目），其负面解释(也就是预测为非CCP)为（该项目）。》
416114,0,1,0.563,0.437,0.126,《现在有个项目被模型预测，其正面(也就是预测为CCP)解释为（该项目），其负面解释(也就是预测为非CCP)为（该项目）。》
2511535,0,0,0.437,0.563,0.126,《现在有个项目被模型预测，其正面(也就是预测为CCP)解释为（该项目），其负面解释(也就是预测为非CCP)为（该项目）。》
2512771,0,1,0.563,0.437,0.126,《现在有个项目被模型预测，其正面(也就是预测为CCP)解释为（该项目），其负面解释(也就是预测为非CCP)为（该项目）。》
35101754,1,1,0.563,0.437,0.126,《现在有个项目被模型预测，其正面(也就是预测为CCP)解释为（该项目），其负面解释(也就是预测为非CCP)为（该项目）。》
204192,0,0,0.437,0.563,0.126,《现在有个项目被模型预测，其正面(也就是预测为CCP)解释为（该项目），其负面解释(也就是预测为非CCP)为（该项目）。》
4267474,0,1,0.563,0.437,0.126,《现在有个项目被模型预测，其正面(也就是预测为CCP)解释为（该项目），其负面解释(也就是预测为非CCP)为（该项目）。》
338860,0,0,0.436,0.564,0.128,《现在有个项目被模型预测，其正面(也就是预测为CCP)解释为（该项目），其负面解释(也就是预测为非CCP)为（该项目）。》
360739,1,1,0.564,0.436,0.128,《现在有个项目被模型预测，其正面(也就是预测为CCP)解释为（该项目），其负面解释(也就是预测为非CCP)为（该项目）。》
2509659,0,0,0.436,0.564,0.128,《现在有个项目被模型预测，其正面(也就是预测为CCP)解释为（该项目），其负面解释(也就是预测为非CCP)为（该项目）。》
2507404,1,1,0.564,0.436,0.128,《现在有个项目被模型预测，其正面(也就是预测为CCP)解释为（该项目），其负面解释(也就是预测为非CCP)为（该项目）。》
2518209,0,0,0.436,0.564,0.128,《现在有个项目被模型预测，其正面(也就是预测为CCP)解释为（该项目），其负面解释(也就是预测为非CCP)为（该项目）。》
2535705,0,1,0.564,0.436,0.128,《现在有个项目被模型预测，其正面(也就是预测为CCP)解释为（该项目），其负面解释(也就是预测为非CCP)为（该项目）。》
2511442,1,1,0.564,0.436,0.128,《现在有个项目被模型预测，其正面(也就是预测为CCP)解释为（该项目），其负面解释(也就是预测为非CCP)为（该项目）。》
2513785,1,0,0.435,0.565,0.13,《现在有个项目被模型预测，其正面(也就是预测为CCP)解释为（该项目），其负面解释(也就是预测为非CCP)为（该项目）。》
54527,0,1,0.565,0.435,0.13,《现在有个项目被模型预测，其正面(也就是预测为CCP)解释为（该项目），其负面解释(也就是预测为非CCP)为（该项目）。》
112221,1,0,0.435,0.565,0.13,《现在有个项目被模型预测，其正面(也就是预测为CCP)解释为（该项目），其负面解释(也就是预测为非CCP)为（该项目）。》
10594552,0,1,0.565,0.435,0.13,《现在有个项目被模型预测，其正面(也就是预测为CCP)解释为（该项目），其负面解释(也就是预测为非CCP)为（该项目）。》
561489,1,1,0.566,0.434,0.132,《现在有个项目被模型预测，其正面(也就是预测为CCP)解释为（该项目），其负面解释(也就是预测为非CCP)为（该项目）。》
1010174,1,0,0.434,0.566,0.132,《现在有个项目被模型预测，其正面(也就是预测为CCP)解释为（该项目），其负面解释(也就是预测为非CCP)为（该项目）。》
2514381,0,0,0.434,0.566,0.132,《现在有个项目被模型预测，其正面(也就是预测为CCP)解释为（该项目），其负面解释(也就是预测为非CCP)为（该项目）。》
2517807,0,1,0.566,0.434,0.132,《现在有个项目被模型预测，其正面(也就是预测为CCP)解释为（该项目），其负面解释(也就是预测为非CCP)为（该项目）。》
2557967,0,1,0.566,0.434,0.132,《现在有个项目被模型预测，其正面(也就是预测为CCP)解释为（该项目），其负面解释(也就是预测为非CCP)为（该项目）。》
412416,1,1,0.566,0.434,0.132,《现在有个项目被模型预测，其正面(也就是预测为CCP)解释为（该项目），其负面解释(也就是预测为非CCP)为（该项目）。》
2145838,0,1,0.566,0.434,0.132,《现在有个项目被模型预测，其正面(也就是预测为CCP)解释为（该项目），其负面解释(也就是预测为非CCP)为（该项目）。》
1141521,1,1,0.567,0.433,0.134,《现在有个项目被模型预测，其正面(也就是预测为CCP)解释为（该项目），其负面解释(也就是预测为非CCP)为（该项目）。》
2514366,1,0,0.433,0.567,0.134,《现在有个项目被模型预测，其正面(也就是预测为CCP)解释为（该项目），其负面解释(也就是预测为非CCP)为（该项目）。》
2518475,0,0,0.433,0.567,0.134,《现在有个项目被模型预测，其正面(也就是预测为CCP)解释为（该项目），其负面解释(也就是预测为非CCP)为（该项目）。》
2220554,1,0,0.432,0.568,0.136,《现在有个项目被模型预测，其正面(也就是预测为CCP)解释为（该项目），其负面解释(也就是预测为非CCP)为（该项目）。》
2518829,0,0,0.432,0.568,0.136,《现在有个项目被模型预测，其正面(也就是预测为CCP)解释为（该项目），其负面解释(也就是预测为非CCP)为（该项目）。》
2524762,0,0,0.432,0.568,0.136,《现在有个项目被模型预测，其正面(也就是预测为CCP)解释为（该项目），其负面解释(也就是预测为非CCP)为（该项目）。》
2508283,0,1,0.569,0.431,0.138,《现在有个项目被模型预测，其正面(也就是预测为CCP)解释为（该项目），其负面解释(也就是预测为非CCP)为（该项目）。》
2514451,1,0,0.431,0.569,0.138,《现在有个项目被模型预测，其正面(也就是预测为CCP)解释为（该项目），其负面解释(也就是预测为非CCP)为（该项目）。》
10769129,1,0,0.431,0.569,0.138,《现在有个项目被模型预测，其正面(也就是预测为CCP)解释为（该项目），其负面解释(也就是预测为非CCP)为（该项目）。》
2508388,0,1,0.569,0.431,0.138,《现在有个项目被模型预测，其正面(也就是预测为CCP)解释为（该项目），其负面解释(也就是预测为非CCP)为（该项目）。》
297223,0,1,0.569,0.431,0.138,《现在有个项目被模型预测，其正面(也就是预测为CCP)解释为（该项目），其负面解释(也就是预测为非CCP)为（该项目）。》
251751,1,0,0.43,0.57,0.14,《现在有个项目被模型预测，其正面(也就是预测为CCP)解释为（该项目），其负面解释(也就是预测为非CCP)为（该项目）。》
632525,1,0,0.43,0.57,0.14,《现在有个项目被模型预测，其正面(也就是预测为CCP)解释为（该项目），其负面解释(也就是预测为非CCP)为（该项目）。》
2511598,1,1,0.57,0.43,0.14,《现在有个项目被模型预测，其正面(也就是预测为CCP)解释为（该项目），其负面解释(也就是预测为非CCP)为（该项目）。》
2512615,1,0,0.43,0.57,0.14,《现在有个项目被模型预测，其正面(也就是预测为CCP)解释为（该项目），其负面解释(也就是预测为非CCP)为（该项目）。》
2528956,0,1,0.57,0.43,0.14,《现在有个项目被模型预测，其正面(也就是预测为CCP)解释为（该项目），其负面解释(也就是预测为非CCP)为（该项目）。》
412395,1,1,0.571,0.429,0.142,《现在有个项目被模型预测，其正面(也就是预测为CCP)解释为（该项目），其负面解释(也就是预测为非CCP)为（该项目）。》
2510912,1,0,0.429,0.571,0.142,《现在有个项目被模型预测，其正面(也就是预测为CCP)解释为（该项目），其负面解释(也就是预测为非CCP)为（该项目）。》
2507736,1,1,0.571,0.429,0.142,《现在有个项目被模型预测，其正面(也就是预测为CCP)解释为（该项目），其负面解释(也就是预测为非CCP)为（该项目）。》
21639,1,0,0.429,0.571,0.142,《现在有个项目被模型预测，其正面(也就是预测为CCP)解释为（该项目），其负面解释(也就是预测为非CCP)为（该项目）。》
1495906,1,1,0.572,0.428,0.144,《现在有个项目被模型预测，其正面(也就是预测为CCP)解释为（该项目），其负面解释(也就是预测为非CCP)为（该项目）。》
1595598,1,0,0.428,0.572,0.144,《现在有个项目被模型预测，其正面(也就是预测为CCP)解释为（该项目），其负面解释(也就是预测为非CCP)为（该项目）。》
2506526,0,1,0.572,0.428,0.144,《现在有个项目被模型预测，其正面(也就是预测为CCP)解释为（该项目），其负面解释(也就是预测为非CCP)为（该项目）。》
2513816,0,0,0.428,0.572,0.144,《现在有个项目被模型预测，其正面(也就是预测为CCP)解释为（该项目），其负面解释(也就是预测为非CCP)为（该项目）。》
2509156,0,0,0.428,0.572,0.144,《现在有个项目被模型预测，其正面(也就是预测为CCP)解释为（该项目），其负面解释(也就是预测为非CCP)为（该项目）。》
1181530,0,1,0.572,0.428,0.144,《现在有个项目被模型预测，其正面(也就是预测为CCP)解释为（该项目），其负面解释(也就是预测为非CCP)为（该项目）。》
2534475,0,1,0.572,0.428,0.144,《现在有个项目被模型预测，其正面(也就是预测为CCP)解释为（该项目），其负面解释(也就是预测为非CCP)为（该项目）。》
2512302,0,0,0.427,0.573,0.146,《现在有个项目被模型预测，其正面(也就是预测为CCP)解释为（该项目），其负面解释(也就是预测为非CCP)为（该项目）。》
154594,0,0,0.427,0.573,0.146,《现在有个项目被模型预测，其正面(也就是预测为CCP)解释为（该项目），其负面解释(也就是预测为非CCP)为（该项目）。》
418034,0,1,0.573,0.427,0.146,《现在有个项目被模型预测，其正面(也就是预测为CCP)解释为（该项目），其负面解释(也就是预测为非CCP)为（该项目）。》
690347,1,1,0.573,0.427,0.146,《现在有个项目被模型预测，其正面(也就是预测为CCP)解释为（该项目），其负面解释(也就是预测为非CCP)为（该项目）。》
621875,0,1,0.574,0.426,0.148,《现在有个项目被模型预测，其正面(也就是预测为CCP)解释为（该项目），其负面解释(也就是预测为非CCP)为（该项目）。》
1108941,1,0,0.426,0.574,0.148,《现在有个项目被模型预测，其正面(也就是预测为CCP)解释为（该项目），其负面解释(也就是预测为非CCP)为（该项目）。》
335278,0,1,0.575,0.425,0.15,《现在有个项目被模型预测，其正面(也就是预测为CCP)解释为（该项目），其负面解释(也就是预测为非CCP)为（该项目）。》
2507264,1,1,0.575,0.425,0.15,《现在有个项目被模型预测，其正面(也就是预测为CCP)解释为（该项目），其负面解释(也就是预测为非CCP)为（该项目）。》
2513430,0,1,0.575,0.425,0.15,《现在有个项目被模型预测，其正面(也就是预测为CCP)解释为（该项目），其负面解释(也就是预测为非CCP)为（该项目）。》
63301,0,1,0.575,0.425,0.15,《现在有个项目被模型预测，其正面(也就是预测为CCP)解释为（该项目），其负面解释(也就是预测为非CCP)为（该项目）。》
2511613,1,1,0.576,0.424,0.152,《现在有个项目被模型预测，其正面(也就是预测为CCP)解释为（该项目），其负面解释(也就是预测为非CCP)为（该项目）。》
2514188,1,1,0.576,0.424,0.152,《现在有个项目被模型预测，其正面(也就是预测为CCP)解释为（该项目），其负面解释(也就是预测为非CCP)为（该项目）。》
35046920,1,0,0.424,0.576,0.152,《现在有个项目被模型预测，其正面(也就是预测为CCP)解释为（该项目），其负面解释(也就是预测为非CCP)为（该项目）。》
2202651,0,0,0.424,0.576,0.152,《现在有个项目被模型预测，其正面(也就是预测为CCP)解释为（该项目），其负面解释(也就是预测为非CCP)为（该项目）。》
201269,1,1,0.576,0.424,0.152,《现在有个项目被模型预测，其正面(也就是预测为CCP)解释为（该项目），其负面解释(也就是预测为非CCP)为（该项目）。》
199651,0,0,0.423,0.577,0.154,《现在有个项目被模型预测，其正面(也就是预测为CCP)解释为（该项目），其负面解释(也就是预测为非CCP)为（该项目）。》
2521284,0,0,0.423,0.577,0.154,《现在有个项目被模型预测，其正面(也就是预测为CCP)解释为（该项目），其负面解释(也就是预测为非CCP)为（该项目）。》
137570,0,1,0.577,0.423,0.154,《现在有个项目被模型预测，其正面(也就是预测为CCP)解释为（该项目），其负面解释(也就是预测为非CCP)为（该项目）。》
261226,0,0,0.422,0.578,0.156,《现在有个项目被模型预测，其正面(也就是预测为CCP)解释为（该项目），其负面解释(也就是预测为非CCP)为（该项目）。》
2519860,0,1,0.578,0.422,0.156,《现在有个项目被模型预测，其正面(也就是预测为CCP)解释为（该项目），其负面解释(也就是预测为非CCP)为（该项目）。》
147371,0,0,0.422,0.578,0.156,《现在有个项目被模型预测，其正面(也就是预测为CCP)解释为（该项目），其负面解释(也就是预测为非CCP)为（该项目）。》
2512168,0,0,0.422,0.578,0.156,《现在有个项目被模型预测，其正面(也就是预测为CCP)解释为（该项目），其负面解释(也就是预测为非CCP)为（该项目）。》
4920812,0,1,0.579,0.421,0.158,《现在有个项目被模型预测，其正面(也就是预测为CCP)解释为（该项目），其负面解释(也就是预测为非CCP)为（该项目）。》
2514607,1,0,0.421,0.579,0.158,《现在有个项目被模型预测，其正面(也就是预测为CCP)解释为（该项目），其负面解释(也就是预测为非CCP)为（该项目）。》
2507776,0,0,0.42,0.58,0.16,《现在有个项目被模型预测，其正面(也就是预测为CCP)解释为（该项目），其负面解释(也就是预测为非CCP)为（该项目）。》
9599031,1,1,0.58,0.42,0.16,《现在有个项目被模型预测，其正面(也就是预测为CCP)解释为（该项目），其负面解释(也就是预测为非CCP)为（该项目）。》
140603,0,0,0.419,0.581,0.162,《现在有个项目被模型预测，其正面(也就是预测为CCP)解释为（该项目），其负面解释(也就是预测为非CCP)为（该项目）。》
2228950,0,1,0.581,0.419,0.162,《现在有个项目被模型预测，其正面(也就是预测为CCP)解释为（该项目），其负面解释(也就是预测为非CCP)为（该项目）。》
614662,1,0,0.419,0.581,0.162,《现在有个项目被模型预测，其正面(也就是预测为CCP)解释为（该项目），其负面解释(也就是预测为非CCP)为（该项目）。》
41235,1,0,0.419,0.581,0.162,《现在有个项目被模型预测，其正面(也就是预测为CCP)解释为（该项目），其负面解释(也就是预测为非CCP)为（该项目）。》
2549380,0,0,0.419,0.581,0.162,《现在有个项目被模型预测，其正面(也就是预测为CCP)解释为（该项目），其负面解释(也就是预测为非CCP)为（该项目）。》
1495762,0,0,0.418,0.582,0.164,《现在有个项目被模型预测，其正面(也就是预测为CCP)解释为（该项目），其负面解释(也就是预测为非CCP)为（该项目）。》
2509825,0,0,0.418,0.582,0.164,《现在有个项目被模型预测，其正面(也就是预测为CCP)解释为（该项目），其负面解释(也就是预测为非CCP)为（该项目）。》
1087530,1,1,0.582,0.418,0.164,《现在有个项目被模型预测，其正面(也就是预测为CCP)解释为（该项目），其负面解释(也就是预测为非CCP)为（该项目）。》
795040,1,0,0.418,0.582,0.164,《现在有个项目被模型预测，其正面(也就是预测为CCP)解释为（该项目），其负面解释(也就是预测为非CCP)为（该项目）。》
2208801,1,0,0.418,0.582,0.164,《现在有个项目被模型预测，其正面(也就是预测为CCP)解释为（该项目），其负面解释(也就是预测为非CCP)为（该项目）。》
2519076,0,0,0.417,0.583,0.166,《现在有个项目被模型预测，其正面(也就是预测为CCP)解释为（该项目），其负面解释(也就是预测为非CCP)为（该项目）。》
97540,1,1,0.583,0.417,0.166,《现在有个项目被模型预测，其正面(也就是预测为CCP)解释为（该项目），其负面解释(也就是预测为非CCP)为（该项目）。》
611725,0,1,0.583,0.417,0.166,《现在有个项目被模型预测，其正面(也就是预测为CCP)解释为（该项目），其负面解释(也就是预测为非CCP)为（该项目）。》
2229350,1,1,0.584,0.416,0.168,《现在有个项目被模型预测，其正面(也就是预测为CCP)解释为（该项目），其负面解释(也就是预测为非CCP)为（该项目）。》
10872764,0,0,0.416,0.584,0.168,《现在有个项目被模型预测，其正面(也就是预测为CCP)解释为（该项目），其负面解释(也就是预测为非CCP)为（该项目）。》
358963,0,1,0.584,0.416,0.168,《现在有个项目被模型预测，其正面(也就是预测为CCP)解释为（该项目），其负面解释(也就是预测为非CCP)为（该项目）。》
2510320,1,1,0.585,0.415,0.17,《现在有个项目被模型预测，其正面(也就是预测为CCP)解释为（该项目），其负面解释(也就是预测为非CCP)为（该项目）。》
2513081,0,0,0.415,0.585,0.17,《现在有个项目被模型预测，其正面(也就是预测为CCP)解释为（该项目），其负面解释(也就是预测为非CCP)为（该项目）。》
2514693,0,1,0.585,0.415,0.17,《现在有个项目被模型预测，其正面(也就是预测为CCP)解释为（该项目），其负面解释(也就是预测为非CCP)为（该项目）。》
487511,0,0,0.414,0.586,0.172,《现在有个项目被模型预测，其正面(也就是预测为CCP)解释为（该项目），其负面解释(也就是预测为非CCP)为（该项目）。》
589347,0,0,0.414,0.586,0.172,《现在有个项目被模型预测，其正面(也就是预测为CCP)解释为（该项目），其负面解释(也就是预测为非CCP)为（该项目）。》
2510772,0,1,0.586,0.414,0.172,《现在有个项目被模型预测，其正面(也就是预测为CCP)解释为（该项目），其负面解释(也就是预测为非CCP)为（该项目）。》
2197898,1,1,0.587,0.413,0.174,《现在有个项目被模型预测，其正面(也就是预测为CCP)解释为（该项目），其负面解释(也就是预测为非CCP)为（该项目）。》
7895,1,0,0.413,0.587,0.174,《现在有个项目被模型预测，其正面(也就是预测为CCP)解释为（该项目），其负面解释(也就是预测为非CCP)为（该项目）。》
48672,0,0,0.413,0.587,0.174,《现在有个项目被模型预测，其正面(也就是预测为CCP)解释为（该项目），其负面解释(也就是预测为非CCP)为（该项目）。》
2514129,0,0,0.412,0.588,0.176,《现在有个项目被模型预测，其正面(也就是预测为CCP)解释为（该项目），其负面解释(也就是预测为非CCP)为（该项目）。》
2513033,1,1,0.588,0.412,0.176,《现在有个项目被模型预测，其正面(也就是预测为CCP)解释为（该项目），其负面解释(也就是预测为非CCP)为（该项目）。》
1069769,1,1,0.588,0.412,0.176,《现在有个项目被模型预测，其正面(也就是预测为CCP)解释为（该项目），其负面解释(也就是预测为非CCP)为（该项目）。》
2228312,0,0,0.411,0.589,0.178,《现在有个项目被模型预测，其正面(也就是预测为CCP)解释为（该项目），其负面解释(也就是预测为非CCP)为（该项目）。》
10901799,1,0,0.411,0.589,0.178,《现在有个项目被模型预测，其正面(也就是预测为CCP)解释为（该项目），其负面解释(也就是预测为非CCP)为（该项目）。》
5683495,1,0,0.411,0.589,0.178,《现在有个项目被模型预测，其正面(也就是预测为CCP)解释为（该项目），其负面解释(也就是预测为非CCP)为（该项目）。》
2513389,1,1,0.59,0.41,0.18,《现在有个项目被模型预测，其正面(也就是预测为CCP)解释为（该项目），其负面解释(也就是预测为非CCP)为（该项目）。》
2509312,1,1,0.59,0.41,0.18,《现在有个项目被模型预测，其正面(也就是预测为CCP)解释为（该项目），其负面解释(也就是预测为非CCP)为（该项目）。》
252469,0,1,0.59,0.41,0.18,《现在有个项目被模型预测，其正面(也就是预测为CCP)解释为（该项目），其负面解释(也就是预测为非CCP)为（该项目）。》
427659,0,0,0.409,0.591,0.182,《现在有个项目被模型预测，其正面(也就是预测为CCP)解释为（该项目），其负面解释(也就是预测为非CCP)为（该项目）。》
2510346,0,0,0.409,0.591,0.182,《现在有个项目被模型预测，其正面(也就是预测为CCP)解释为（该项目），其负面解释(也就是预测为非CCP)为（该项目）。》
10789193,1,1,0.591,0.409,0.182,《现在有个项目被模型预测，其正面(也就是预测为CCP)解释为（该项目），其负面解释(也就是预测为非CCP)为（该项目）。》
1225104,0,0,0.408,0.592,0.184,《现在有个项目被模型预测，其正面(也就是预测为CCP)解释为（该项目），其负面解释(也就是预测为非CCP)为（该项目）。》
37894,1,0,0.408,0.592,0.184,《现在有个项目被模型预测，其正面(也就是预测为CCP)解释为（该项目），其负面解释(也就是预测为非CCP)为（该项目）。》
1098096,0,0,0.408,0.592,0.184,《现在有个项目被模型预测，其正面(也就是预测为CCP)解释为（该项目），其负面解释(也就是预测为非CCP)为（该项目）。》
897291,0,0,0.408,0.592,0.184,《现在有个项目被模型预测，其正面(也就是预测为CCP)解释为（该项目），其负面解释(也就是预测为非CCP)为（该项目）。》
604386,1,0,0.407,0.593,0.186,《现在有个项目被模型预测，其正面(也就是预测为CCP)解释为（该项目），其负面解释(也就是预测为非CCP)为（该项目）。》
2510037,0,0,0.407,0.593,0.186,《现在有个项目被模型预测，其正面(也就是预测为CCP)解释为（该项目），其负面解释(也就是预测为非CCP)为（该项目）。》
6884165,1,1,0.593,0.407,0.186,《现在有个项目被模型预测，其正面(也就是预测为CCP)解释为（该项目），其负面解释(也就是预测为非CCP)为（该项目）。》
2513000,0,1,0.593,0.407,0.186,《现在有个项目被模型预测，其正面(也就是预测为CCP)解释为（该项目），其负面解释(也就是预测为非CCP)为（该项目）。》
21459439,0,0,0.407,0.593,0.186,《现在有个项目被模型预测，其正面(也就是预测为CCP)解释为（该项目），其负面解释(也就是预测为非CCP)为（该项目）。》
312761,0,1,0.593,0.407,0.186,《现在有个项目被模型预测，其正面(也就是预测为CCP)解释为（该项目），其负面解释(也就是预测为非CCP)为（该项目）。》
1880522,1,0,0.407,0.593,0.186,《现在有个项目被模型预测，其正面(也就是预测为CCP)解释为（该项目），其负面解释(也就是预测为非CCP)为（该项目）。》
2513436,0,0,0.406,0.594,0.188,《现在有个项目被模型预测，其正面(也就是预测为CCP)解释为（该项目），其负面解释(也就是预测为非CCP)为（该项目）。》
1554421,1,0,0.405,0.595,0.19,《现在有个项目被模型预测，其正面(也就是预测为CCP)解释为（该项目），其负面解释(也就是预测为非CCP)为（该项目）。》
2511631,1,1,0.595,0.405,0.19,《现在有个项目被模型预测，其正面(也就是预测为CCP)解释为（该项目），其负面解释(也就是预测为非CCP)为（该项目）。》
2516597,0,1,0.595,0.405,0.19,《现在有个项目被模型预测，其正面(也就是预测为CCP)解释为（该项目），其负面解释(也就是预测为非CCP)为（该项目）。》
34996134,0,0,0.405,0.595,0.19,《现在有个项目被模型预测，其正面(也就是预测为CCP)解释为（该项目），其负面解释(也就是预测为非CCP)为（该项目）。》
2507905,1,1,0.595,0.405,0.19,《现在有个项目被模型预测，其正面(也就是预测为CCP)解释为（该项目），其负面解释(也就是预测为非CCP)为（该项目）。》
1278529,1,0,0.405,0.595,0.19,《现在有个项目被模型预测，其正面(也就是预测为CCP)解释为（该项目），其负面解释(也就是预测为非CCP)为（该项目）。》
376936,1,0,0.405,0.595,0.19,《现在有个项目被模型预测，其正面(也就是预测为CCP)解释为（该项目），其负面解释(也就是预测为非CCP)为（该项目）。》
2169385,1,1,0.596,0.404,0.192,《现在有个项目被模型预测，其正面(也就是预测为CCP)解释为（该项目），其负面解释(也就是预测为非CCP)为（该项目）。》
2511775,1,1,0.596,0.404,0.192,《现在有个项目被模型预测，其正面(也就是预测为CCP)解释为（该项目），其负面解释(也就是预测为非CCP)为（该项目）。》
11317079,0,0,0.404,0.596,0.192,《现在有个项目被模型预测，其正面(也就是预测为CCP)解释为（该项目），其负面解释(也就是预测为非CCP)为（该项目）。》
1592677,0,0,0.404,0.596,0.192,《现在有个项目被模型预测，其正面(也就是预测为CCP)解释为（该项目），其负面解释(也就是预测为非CCP)为（该项目）。》
93207,1,0,0.404,0.596,0.192,《现在有个项目被模型预测，其正面(也就是预测为CCP)解释为（该项目），其负面解释(也就是预测为非CCP)为（该项目）。》
2215500,1,1,0.596,0.404,0.192,《现在有个项目被模型预测，其正面(也就是预测为CCP)解释为（该项目），其负面解释(也就是预测为非CCP)为（该项目）。》
8938192,1,0,0.404,0.596,0.192,《现在有个项目被模型预测，其正面(也就是预测为CCP)解释为（该项目），其负面解释(也就是预测为非CCP)为（该项目）。》
2508758,0,0,0.403,0.597,0.194,《现在有个项目被模型预测，其正面(也就是预测为CCP)解释为（该项目），其负面解释(也就是预测为非CCP)为（该项目）。》
178202,1,1,0.597,0.403,0.194,《现在有个项目被模型预测，其正面(也就是预测为CCP)解释为（该项目），其负面解释(也就是预测为非CCP)为（该项目）。》
1268579,1,0,0.403,0.597,0.194,《现在有个项目被模型预测，其正面(也就是预测为CCP)解释为（该项目），其负面解释(也就是预测为非CCP)为（该项目）。》
1574646,0,0,0.403,0.597,0.194,《现在有个项目被模型预测，其正面(也就是预测为CCP)解释为（该项目），其负面解释(也就是预测为非CCP)为（该项目）。》
2508749,1,1,0.598,0.402,0.196,《现在有个项目被模型预测，其正面(也就是预测为CCP)解释为（该项目），其负面解释(也就是预测为非CCP)为（该项目）。》
2519442,1,1,0.598,0.402,0.196,《现在有个项目被模型预测，其正面(也就是预测为CCP)解释为（该项目），其负面解释(也就是预测为非CCP)为（该项目）。》
2510873,1,1,0.598,0.402,0.196,《现在有个项目被模型预测，其正面(也就是预测为CCP)解释为（该项目），其负面解释(也就是预测为非CCP)为（该项目）。》
114572,1,1,0.598,0.402,0.196,《现在有个项目被模型预测，其正面(也就是预测为CCP)解释为（该项目），其负面解释(也就是预测为非CCP)为（该项目）。》
727939,1,1,0.599,0.401,0.198,《现在有个项目被模型预测，其正面(也就是预测为CCP)解释为（该项目），其负面解释(也就是预测为非CCP)为（该项目）。》
692387,0,0,0.401,0.599,0.198,《现在有个项目被模型预测，其正面(也就是预测为CCP)解释为（该项目），其负面解释(也就是预测为非CCP)为（该项目）。》
178481,0,0,0.401,0.599,0.198,《现在有个项目被模型预测，其正面(也就是预测为CCP)解释为（该项目），其负面解释(也就是预测为非CCP)为（该项目）。》
54895,1,1,0.599,0.401,0.198,《现在有个项目被模型预测，其正面(也就是预测为CCP)解释为（该项目），其负面解释(也就是预测为非CCP)为（该项目）。》
2004165,0,0,0.401,0.599,0.198,《现在有个项目被模型预测，其正面(也就是预测为CCP)解释为（该项目），其负面解释(也就是预测为非CCP)为（该项目）。》
2508147,0,0,0.401,0.599,0.198,《现在有个项目被模型预测，其正面(也就是预测为CCP)解释为（该项目），其负面解释(也就是预测为非CCP)为（该项目）。》
2508491,1,1,0.599,0.401,0.198,《现在有个项目被模型预测，其正面(也就是预测为CCP)解释为（该项目），其负面解释(也就是预测为非CCP)为（该项目）。》
2514803,1,1,0.599,0.401,0.198,《现在有个项目被模型预测，其正面(也就是预测为CCP)解释为（该项目），其负面解释(也就是预测为非CCP)为（该项目）。》
2511569,1,1,0.599,0.401,0.198,《现在有个项目被模型预测，其正面(也就是预测为CCP)解释为（该项目），其负面解释(也就是预测为非CCP)为（该项目）。》
2511271,1,1,0.599,0.401,0.198,《现在有个项目被模型预测，其正面(也就是预测为CCP)解释为（该项目），其负面解释(也就是预测为非CCP)为（该项目）。》
2507525,1,0,0.401,0.599,0.198,《现在有个项目被模型预测，其正面(也就是预测为CCP)解释为（该项目），其负面解释(也就是预测为非CCP)为（该项目）。》
2148724,0,0,0.401,0.599,0.198,《现在有个项目被模型预测，其正面(也就是预测为CCP)解释为（该项目），其负面解释(也就是预测为非CCP)为（该项目）。》
2507802,0,0,0.4,0.6,0.2,《现在有个项目被模型预测，其正面(也就是预测为CCP)解释为（该项目），其负面解释(也就是预测为非CCP)为（该项目）。》
2507280,1,1,0.6,0.4,0.2,《现在有个项目被模型预测，其正面(也就是预测为CCP)解释为（该项目），其负面解释(也就是预测为非CCP)为（该项目）。》
2506369,0,1,0.6,0.4,0.2,《现在有个项目被模型预测，其正面(也就是预测为CCP)解释为（该项目），其负面解释(也就是预测为非CCP)为（该项目）。》
2507501,1,1,0.6,0.4,0.2,《现在有个项目被模型预测，其正面(也就是预测为CCP)解释为（该项目），其负面解释(也就是预测为非CCP)为（该项目）。》
2518257,1,0,0.4,0.6,0.2,《现在有个项目被模型预测，其正面(也就是预测为CCP)解释为（该项目），其负面解释(也就是预测为非CCP)为（该项目）。》
61947,0,0,0.4,0.6,0.2,《现在有个项目被模型预测，其正面(也就是预测为CCP)解释为（该项目），其负面解释(也就是预测为非CCP)为（该项目）。》
116458,0,1,0.601,0.399,0.202,《现在有个项目被模型预测，其正面(也就是预测为CCP)解释为（该项目），其负面解释(也就是预测为非CCP)为（该项目）。》
23320,1,1,0.601,0.399,0.202,《现在有个项目被模型预测，其正面(也就是预测为CCP)解释为（该项目），其负面解释(也就是预测为非CCP)为（该项目）。》
2506890,0,1,0.602,0.398,0.204,《现在有个项目被模型预测，其正面(也就是预测为CCP)解释为（该项目），其负面解释(也就是预测为非CCP)为（该项目）。》
2507962,1,0,0.398,0.602,0.204,《现在有个项目被模型预测，其正面(也就是预测为CCP)解释为（该项目），其负面解释(也就是预测为非CCP)为（该项目）。》
2532017,1,1,0.602,0.398,0.204,《现在有个项目被模型预测，其正面(也就是预测为CCP)解释为（该项目），其负面解释(也就是预测为非CCP)为（该项目）。》
416880,1,0,0.398,0.602,0.204,《现在有个项目被模型预测，其正面(也就是预测为CCP)解释为（该项目），其负面解释(也就是预测为非CCP)为（该项目）。》
853747,0,0,0.398,0.602,0.204,《现在有个项目被模型预测，其正面(也就是预测为CCP)解释为（该项目），其负面解释(也就是预测为非CCP)为（该项目）。》
2146210,1,0,0.397,0.603,0.206,《现在有个项目被模型预测，其正面(也就是预测为CCP)解释为（该项目），其负面解释(也就是预测为非CCP)为（该项目）。》
2456505,0,1,0.603,0.397,0.206,《现在有个项目被模型预测，其正面(也就是预测为CCP)解释为（该项目），其负面解释(也就是预测为非CCP)为（该项目）。》
2511179,1,0,0.397,0.603,0.206,《现在有个项目被模型预测，其正面(也就是预测为CCP)解释为（该项目），其负面解释(也就是预测为非CCP)为（该项目）。》
2512531,1,0,0.397,0.603,0.206,《现在有个项目被模型预测，其正面(也就是预测为CCP)解释为（该项目），其负面解释(也就是预测为非CCP)为（该项目）。》
2511872,1,1,0.603,0.397,0.206,《现在有个项目被模型预测，其正面(也就是预测为CCP)解释为（该项目），其负面解释(也就是预测为非CCP)为（该项目）。》
2513339,1,1,0.603,0.397,0.206,《现在有个项目被模型预测，其正面(也就是预测为CCP)解释为（该项目），其负面解释(也就是预测为非CCP)为（该项目）。》
399847,0,1,0.603,0.397,0.206,《现在有个项目被模型预测，其正面(也就是预测为CCP)解释为（该项目），其负面解释(也就是预测为非CCP)为（该项目）。》
2514850,0,0,0.396,0.604,0.208,《现在有个项目被模型预测，其正面(也就是预测为CCP)解释为（该项目），其负面解释(也就是预测为非CCP)为（该项目）。》
35727,1,0,0.396,0.604,0.208,《现在有个项目被模型预测，其正面(也就是预测为CCP)解释为（该项目），其负面解释(也就是预测为非CCP)为（该项目）。》
309476,1,0,0.396,0.604,0.208,《现在有个项目被模型预测，其正面(也就是预测为CCP)解释为（该项目），其负面解释(也就是预测为非CCP)为（该项目）。》
740840,0,1,0.605,0.395,0.21,《现在有个项目被模型预测，其正面(也就是预测为CCP)解释为（该项目），其负面解释(也就是预测为非CCP)为（该项目）。》
164809,0,0,0.395,0.605,0.21,《现在有个项目被模型预测，其正面(也就是预测为CCP)解释为（该项目），其负面解释(也就是预测为非CCP)为（该项目）。》
2517827,1,0,0.395,0.605,0.21,《现在有个项目被模型预测，其正面(也就是预测为CCP)解释为（该项目），其负面解释(也就是预测为非CCP)为（该项目）。》
2521462,1,1,0.605,0.395,0.21,《现在有个项目被模型预测，其正面(也就是预测为CCP)解释为（该项目），其负面解释(也就是预测为非CCP)为（该项目）。》
2246310,0,0,0.394,0.606,0.212,《现在有个项目被模型预测，其正面(也就是预测为CCP)解释为（该项目），其负面解释(也就是预测为非CCP)为（该项目）。》
2536551,1,1,0.606,0.394,0.212,《现在有个项目被模型预测，其正面(也就是预测为CCP)解释为（该项目），其负面解释(也就是预测为非CCP)为（该项目）。》
2513415,1,0,0.394,0.606,0.212,《现在有个项目被模型预测，其正面(也就是预测为CCP)解释为（该项目），其负面解释(也就是预测为非CCP)为（该项目）。》
2510707,1,0,0.393,0.607,0.214,《现在有个项目被模型预测，其正面(也就是预测为CCP)解释为（该项目），其负面解释(也就是预测为非CCP)为（该项目）。》
712969,0,0,0.393,0.607,0.214,《现在有个项目被模型预测，其正面(也就是预测为CCP)解释为（该项目），其负面解释(也就是预测为非CCP)为（该项目）。》
34958938,0,0,0.393,0.607,0.214,《现在有个项目被模型预测，其正面(也就是预测为CCP)解释为（该项目），其负面解释(也就是预测为非CCP)为（该项目）。》
927949,0,0,0.393,0.607,0.214,《现在有个项目被模型预测，其正面(也就是预测为CCP)解释为（该项目），其负面解释(也就是预测为非CCP)为（该项目）。》
2510941,0,1,0.608,0.392,0.216,《现在有个项目被模型预测，其正面(也就是预测为CCP)解释为（该项目），其负面解释(也就是预测为非CCP)为（该项目）。》
3949155,0,1,0.608,0.392,0.216,《现在有个项目被模型预测，其正面(也就是预测为CCP)解释为（该项目），其负面解释(也就是预测为非CCP)为（该项目）。》
467591,0,0,0.391,0.609,0.218,《现在有个项目被模型预测，其正面(也就是预测为CCP)解释为（该项目），其负面解释(也就是预测为非CCP)为（该项目）。》
2510628,0,1,0.609,0.391,0.218,《现在有个项目被模型预测，其正面(也就是预测为CCP)解释为（该项目），其负面解释(也就是预测为非CCP)为（该项目）。》
1470631,0,1,0.609,0.391,0.218,《现在有个项目被模型预测，其正面(也就是预测为CCP)解释为（该项目），其负面解释(也就是预测为非CCP)为（该项目）。》
48695,0,1,0.609,0.391,0.218,《现在有个项目被模型预测，其正面(也就是预测为CCP)解释为（该项目），其负面解释(也就是预测为非CCP)为（该项目）。》
2525151,0,0,0.391,0.609,0.218,《现在有个项目被模型预测，其正面(也就是预测为CCP)解释为（该项目），其负面解释(也就是预测为非CCP)为（该项目）。》
98140,1,1,0.609,0.391,0.218,《现在有个项目被模型预测，其正面(也就是预测为CCP)解释为（该项目），其负面解释(也就是预测为非CCP)为（该项目）。》
2506381,1,0,0.391,0.609,0.218,《现在有个项目被模型预测，其正面(也就是预测为CCP)解释为（该项目），其负面解释(也就是预测为非CCP)为（该项目）。》
2197139,0,0,0.39,0.61,0.22,《现在有个项目被模型预测，其正面(也就是预测为CCP)解释为（该项目），其负面解释(也就是预测为非CCP)为（该项目）。》
2508349,0,0,0.39,0.61,0.22,《现在有个项目被模型预测，其正面(也就是预测为CCP)解释为（该项目），其负面解释(也就是预测为非CCP)为（该项目）。》
2518274,0,0,0.39,0.61,0.22,《现在有个项目被模型预测，其正面(也就是预测为CCP)解释为（该项目），其负面解释(也就是预测为非CCP)为（该项目）。》
2145480,0,0,0.39,0.61,0.22,《现在有个项目被模型预测，其正面(也就是预测为CCP)解释为（该项目），其负面解释(也就是预测为非CCP)为（该项目）。》
2208965,0,0,0.389,0.611,0.222,《现在有个项目被模型预测，其正面(也就是预测为CCP)解释为（该项目），其负面解释(也就是预测为非CCP)为（该项目）。》
2509501,1,1,0.611,0.389,0.222,《现在有个项目被模型预测，其正面(也就是预测为CCP)解释为（该项目），其负面解释(也就是预测为非CCP)为（该项目）。》
2512070,0,0,0.389,0.611,0.222,《现在有个项目被模型预测，其正面(也就是预测为CCP)解释为（该项目），其负面解释(也就是预测为非CCP)为（该项目）。》
500134,0,1,0.612,0.388,0.224,《现在有个项目被模型预测，其正面(也就是预测为CCP)解释为（该项目），其负面解释(也就是预测为非CCP)为（该项目）。》
142774,1,1,0.612,0.388,0.224,《现在有个项目被模型预测，其正面(也就是预测为CCP)解释为（该项目），其负面解释(也就是预测为非CCP)为（该项目）。》
567481,1,1,0.612,0.388,0.224,《现在有个项目被模型预测，其正面(也就是预测为CCP)解释为（该项目），其负面解释(也就是预测为非CCP)为（该项目）。》
510587,1,0,0.387,0.613,0.226,《现在有个项目被模型预测，其正面(也就是预测为CCP)解释为（该项目），其负面解释(也就是预测为非CCP)为（该项目）。》
179115,0,0,0.387,0.613,0.226,《现在有个项目被模型预测，其正面(也就是预测为CCP)解释为（该项目），其负面解释(也就是预测为非CCP)为（该项目）。》
49927,0,0,0.387,0.613,0.226,《现在有个项目被模型预测，其正面(也就是预测为CCP)解释为（该项目），其负面解释(也就是预测为非CCP)为（该项目）。》
2206686,0,1,0.613,0.387,0.226,《现在有个项目被模型预测，其正面(也就是预测为CCP)解释为（该项目），其负面解释(也就是预测为非CCP)为（该项目）。》
19068,1,1,0.613,0.387,0.226,《现在有个项目被模型预测，其正面(也就是预测为CCP)解释为（该项目），其负面解释(也就是预测为非CCP)为（该项目）。》
843918,1,0,0.387,0.613,0.226,《现在有个项目被模型预测，其正面(也就是预测为CCP)解释为（该项目），其负面解释(也就是预测为非CCP)为（该项目）。》
2508141,1,1,0.613,0.387,0.226,《现在有个项目被模型预测，其正面(也就是预测为CCP)解释为（该项目），其负面解释(也就是预测为非CCP)为（该项目）。》
1149527,0,0,0.386,0.614,0.228,《现在有个项目被模型预测，其正面(也就是预测为CCP)解释为（该项目），其负面解释(也就是预测为非CCP)为（该项目）。》
2517145,1,1,0.614,0.386,0.228,《现在有个项目被模型预测，其正面(也就是预测为CCP)解释为（该项目），其负面解释(也就是预测为非CCP)为（该项目）。》
1196940,0,0,0.385,0.615,0.23,《现在有个项目被模型预测，其正面(也就是预测为CCP)解释为（该项目），其负面解释(也就是预测为非CCP)为（该项目）。》
2510870,1,1,0.615,0.385,0.23,《现在有个项目被模型预测，其正面(也就是预测为CCP)解释为（该项目），其负面解释(也就是预测为非CCP)为（该项目）。》
2509674,1,1,0.615,0.385,0.23,《现在有个项目被模型预测，其正面(也就是预测为CCP)解释为（该项目），其负面解释(也就是预测为非CCP)为（该项目）。》
2512298,1,1,0.615,0.385,0.23,《现在有个项目被模型预测，其正面(也就是预测为CCP)解释为（该项目），其负面解释(也就是预测为非CCP)为（该项目）。》
2514416,1,1,0.615,0.385,0.23,《现在有个项目被模型预测，其正面(也就是预测为CCP)解释为（该项目），其负面解释(也就是预测为非CCP)为（该项目）。》
358112,1,1,0.616,0.384,0.232,《现在有个项目被模型预测，其正面(也就是预测为CCP)解释为（该项目），其负面解释(也就是预测为非CCP)为（该项目）。》
2510415,1,0,0.384,0.616,0.232,《现在有个项目被模型预测，其正面(也就是预测为CCP)解释为（该项目），其负面解释(也就是预测为非CCP)为（该项目）。》
2516341,1,0,0.384,0.616,0.232,《现在有个项目被模型预测，其正面(也就是预测为CCP)解释为（该项目），其负面解释(也就是预测为非CCP)为（该项目）。》
19615437,1,1,0.616,0.384,0.232,《现在有个项目被模型预测，其正面(也就是预测为CCP)解释为（该项目），其负面解释(也就是预测为非CCP)为（该项目）。》
129889,0,1,0.616,0.384,0.232,《现在有个项目被模型预测，其正面(也就是预测为CCP)解释为（该项目），其负面解释(也就是预测为非CCP)为（该项目）。》
2513461,1,1,0.617,0.383,0.234,《现在有个项目被模型预测，其正面(也就是预测为CCP)解释为（该项目），其负面解释(也就是预测为非CCP)为（该项目）。》
25447009,0,0,0.383,0.617,0.234,《现在有个项目被模型预测，其正面(也就是预测为CCP)解释为（该项目），其负面解释(也就是预测为非CCP)为（该项目）。》
2507428,1,1,0.618,0.382,0.236,《现在有个项目被模型预测，其正面(也就是预测为CCP)解释为（该项目），其负面解释(也就是预测为非CCP)为（该项目）。》
13467,1,1,0.618,0.382,0.236,《现在有个项目被模型预测，其正面(也就是预测为CCP)解释为（该项目），其负面解释(也就是预测为非CCP)为（该项目）。》
291677,1,1,0.618,0.382,0.236,《现在有个项目被模型预测，其正面(也就是预测为CCP)解释为（该项目），其负面解释(也就是预测为非CCP)为（该项目）。》
620829,1,1,0.619,0.381,0.238,《现在有个项目被模型预测，其正面(也就是预测为CCP)解释为（该项目），其负面解释(也就是预测为非CCP)为（该项目）。》
869251,1,1,0.619,0.381,0.238,《现在有个项目被模型预测，其正面(也就是预测为CCP)解释为（该项目），其负面解释(也就是预测为非CCP)为（该项目）。》
2149712,1,1,0.619,0.381,0.238,《现在有个项目被模型预测，其正面(也就是预测为CCP)解释为（该项目），其负面解释(也就是预测为非CCP)为（该项目）。》
2515064,0,1,0.619,0.381,0.238,《现在有个项目被模型预测，其正面(也就是预测为CCP)解释为（该项目），其负面解释(也就是预测为非CCP)为（该项目）。》
42278,0,1,0.619,0.381,0.238,《现在有个项目被模型预测，其正面(也就是预测为CCP)解释为（该项目），其负面解释(也就是预测为非CCP)为（该项目）。》
136162,0,1,0.62,0.38,0.24,《现在有个项目被模型预测，其正面(也就是预测为CCP)解释为（该项目），其负面解释(也就是预测为非CCP)为（该项目）。》
1196523,0,0,0.38,0.62,0.24,《现在有个项目被模型预测，其正面(也就是预测为CCP)解释为（该项目），其负面解释(也就是预测为非CCP)为（该项目）。》
4043177,1,1,0.62,0.38,0.24,《现在有个项目被模型预测，其正面(也就是预测为CCP)解释为（该项目），其负面解释(也就是预测为非CCP)为（该项目）。》
170216,0,1,0.62,0.38,0.24,《现在有个项目被模型预测，其正面(也就是预测为CCP)解释为（该项目），其负面解释(也就是预测为非CCP)为（该项目）。》
2509375,0,0,0.379,0.621,0.242,《现在有个项目被模型预测，其正面(也就是预测为CCP)解释为（该项目），其负面解释(也就是预测为非CCP)为（该项目）。》
2509921,1,1,0.621,0.379,0.242,《现在有个项目被模型预测，其正面(也就是预测为CCP)解释为（该项目），其负面解释(也就是预测为非CCP)为（该项目）。》
1173998,0,1,0.621,0.379,0.242,《现在有个项目被模型预测，其正面(也就是预测为CCP)解释为（该项目），其负面解释(也就是预测为非CCP)为（该项目）。》
6063717,0,0,0.379,0.621,0.242,《现在有个项目被模型预测，其正面(也就是预测为CCP)解释为（该项目），其负面解释(也就是预测为非CCP)为（该项目）。》
2312273,0,0,0.378,0.622,0.244,《现在有个项目被模型预测，其正面(也就是预测为CCP)解释为（该项目），其负面解释(也就是预测为非CCP)为（该项目）。》
2515287,0,1,0.622,0.378,0.244,《现在有个项目被模型预测，其正面(也就是预测为CCP)解释为（该项目），其负面解释(也就是预测为非CCP)为（该项目）。》
371348,0,0,0.378,0.622,0.244,《现在有个项目被模型预测，其正面(也就是预测为CCP)解释为（该项目），其负面解释(也就是预测为非CCP)为（该项目）。》
2513448,0,1,0.623,0.377,0.246,《现在有个项目被模型预测，其正面(也就是预测为CCP)解释为（该项目），其负面解释(也就是预测为非CCP)为（该项目）。》
2513863,0,0,0.377,0.623,0.246,《现在有个项目被模型预测，其正面(也就是预测为CCP)解释为（该项目），其负面解释(也就是预测为非CCP)为（该项目）。》
2514253,0,1,0.623,0.377,0.246,《现在有个项目被模型预测，其正面(也就是预测为CCP)解释为（该项目），其负面解释(也就是预测为非CCP)为（该项目）。》
1143679,0,0,0.377,0.623,0.246,《现在有个项目被模型预测，其正面(也就是预测为CCP)解释为（该项目），其负面解释(也就是预测为非CCP)为（该项目）。》
5254980,0,0,0.377,0.623,0.246,《现在有个项目被模型预测，其正面(也就是预测为CCP)解释为（该项目），其负面解释(也就是预测为非CCP)为（该项目）。》
455485,0,1,0.624,0.376,0.248,《现在有个项目被模型预测，其正面(也就是预测为CCP)解释为（该项目），其负面解释(也就是预测为非CCP)为（该项目）。》
2511017,0,1,0.624,0.376,0.248,《现在有个项目被模型预测，其正面(也就是预测为CCP)解释为（该项目），其负面解释(也就是预测为非CCP)为（该项目）。》
609592,1,0,0.376,0.624,0.248,《现在有个项目被模型预测，其正面(也就是预测为CCP)解释为（该项目），其负面解释(也就是预测为非CCP)为（该项目）。》
2226761,0,0,0.376,0.624,0.248,《现在有个项目被模型预测，其正面(也就是预测为CCP)解释为（该项目），其负面解释(也就是预测为非CCP)为（该项目）。》
2516479,0,0,0.376,0.624,0.248,《现在有个项目被模型预测，其正面(也就是预测为CCP)解释为（该项目），其负面解释(也就是预测为非CCP)为（该项目）。》
1115437,1,0,0.375,0.625,0.25,《现在有个项目被模型预测，其正面(也就是预测为CCP)解释为（该项目），其负面解释(也就是预测为非CCP)为（该项目）。》
26393,1,0,0.375,0.625,0.25,《现在有个项目被模型预测，其正面(也就是预测为CCP)解释为（该项目），其负面解释(也就是预测为非CCP)为（该项目）。》
2241489,1,1,0.625,0.375,0.25,《现在有个项目被模型预测，其正面(也就是预测为CCP)解释为（该项目），其负面解释(也就是预测为非CCP)为（该项目）。》
334406,0,0,0.374,0.626,0.252,《现在有个项目被模型预测，其正面(也就是预测为CCP)解释为（该项目），其负面解释(也就是预测为非CCP)为（该项目）。》
2323806,0,1,0.626,0.374,0.252,《现在有个项目被模型预测，其正面(也就是预测为CCP)解释为（该项目），其负面解释(也就是预测为非CCP)为（该项目）。》
982148,0,0,0.374,0.626,0.252,《现在有个项目被模型预测，其正面(也就是预测为CCP)解释为（该项目），其负面解释(也就是预测为非CCP)为（该项目）。》
6829325,1,1,0.626,0.374,0.252,《现在有个项目被模型预测，其正面(也就是预测为CCP)解释为（该项目），其负面解释(也就是预测为非CCP)为（该项目）。》
366163,1,1,0.626,0.374,0.252,《现在有个项目被模型预测，其正面(也就是预测为CCP)解释为（该项目），其负面解释(也就是预测为非CCP)为（该项目）。》
1036371,0,0,0.373,0.627,0.254,《现在有个项目被模型预测，其正面(也就是预测为CCP)解释为（该项目），其负面解释(也就是预测为非CCP)为（该项目）。》
2509761,1,0,0.373,0.627,0.254,《现在有个项目被模型预测，其正面(也就是预测为CCP)解释为（该项目），其负面解释(也就是预测为非CCP)为（该项目）。》
2519002,1,1,0.627,0.373,0.254,《现在有个项目被模型预测，其正面(也就是预测为CCP)解释为（该项目），其负面解释(也就是预测为非CCP)为（该项目）。》
10540346,1,1,0.627,0.373,0.254,《现在有个项目被模型预测，其正面(也就是预测为CCP)解释为（该项目），其负面解释(也就是预测为非CCP)为（该项目）。》
2197106,1,1,0.627,0.373,0.254,《现在有个项目被模型预测，其正面(也就是预测为CCP)解释为（该项目），其负面解释(也就是预测为非CCP)为（该项目）。》
2507568,1,0,0.373,0.627,0.254,《现在有个项目被模型预测，其正面(也就是预测为CCP)解释为（该项目），其负面解释(也就是预测为非CCP)为（该项目）。》
759066,0,0,0.373,0.627,0.254,《现在有个项目被模型预测，其正面(也就是预测为CCP)解释为（该项目），其负面解释(也就是预测为非CCP)为（该项目）。》
10785517,0,0,0.373,0.627,0.254,《现在有个项目被模型预测，其正面(也就是预测为CCP)解释为（该项目），其负面解释(也就是预测为非CCP)为（该项目）。》
638861,0,1,0.628,0.372,0.256,《现在有个项目被模型预测，其正面(也就是预测为CCP)解释为（该项目），其负面解释(也就是预测为非CCP)为（该项目）。》
44034,0,0,0.371,0.629,0.258,《现在有个项目被模型预测，其正面(也就是预测为CCP)解释为（该项目），其负面解释(也就是预测为非CCP)为（该项目）。》
2995428,0,0,0.371,0.629,0.258,《现在有个项目被模型预测，其正面(也就是预测为CCP)解释为（该项目），其负面解释(也就是预测为非CCP)为（该项目）。》
2145273,0,1,0.63,0.37,0.26,《现在有个项目被模型预测，其正面(也就是预测为CCP)解释为（该项目），其负面解释(也就是预测为非CCP)为（该项目）。》
34946590,1,1,0.63,0.37,0.26,《现在有个项目被模型预测，其正面(也就是预测为CCP)解释为（该项目），其负面解释(也就是预测为非CCP)为（该项目）。》
2509713,0,1,0.631,0.369,0.262,《现在有个项目被模型预测，其正面(也就是预测为CCP)解释为（该项目），其负面解释(也就是预测为非CCP)为（该项目）。》
1757171,1,1,0.631,0.369,0.262,《现在有个项目被模型预测，其正面(也就是预测为CCP)解释为（该项目），其负面解释(也就是预测为非CCP)为（该项目）。》
2531606,0,1,0.631,0.369,0.262,《现在有个项目被模型预测，其正面(也就是预测为CCP)解释为（该项目），其负面解释(也就是预测为非CCP)为（该项目）。》
75078,0,1,0.632,0.368,0.264,《现在有个项目被模型预测，其正面(也就是预测为CCP)解释为（该项目），其负面解释(也就是预测为非CCP)为（该项目）。》
2512891,0,1,0.632,0.368,0.264,《现在有个项目被模型预测，其正面(也就是预测为CCP)解释为（该项目），其负面解释(也就是预测为非CCP)为（该项目）。》
292728,1,0,0.368,0.632,0.264,《现在有个项目被模型预测，其正面(也就是预测为CCP)解释为（该项目），其负面解释(也就是预测为非CCP)为（该项目）。》
1510846,0,1,0.633,0.367,0.266,《现在有个项目被模型预测，其正面(也就是预测为CCP)解释为（该项目），其负面解释(也就是预测为非CCP)为（该项目）。》
824879,1,1,0.633,0.367,0.266,《现在有个项目被模型预测，其正面(也就是预测为CCP)解释为（该项目），其负面解释(也就是预测为非CCP)为（该项目）。》
2509098,1,0,0.367,0.633,0.266,《现在有个项目被模型预测，其正面(也就是预测为CCP)解释为（该项目），其负面解释(也就是预测为非CCP)为（该项目）。》
2512623,0,1,0.633,0.367,0.266,《现在有个项目被模型预测，其正面(也就是预测为CCP)解释为（该项目），其负面解释(也就是预测为非CCP)为（该项目）。》
2506596,1,1,0.633,0.367,0.266,《现在有个项目被模型预测，其正面(也就是预测为CCP)解释为（该项目），其负面解释(也就是预测为非CCP)为（该项目）。》
47028,1,0,0.367,0.633,0.266,《现在有个项目被模型预测，其正面(也就是预测为CCP)解释为（该项目），其负面解释(也就是预测为非CCP)为（该项目）。》
208374,0,1,0.633,0.367,0.266,《现在有个项目被模型预测，其正面(也就是预测为CCP)解释为（该项目），其负面解释(也就是预测为非CCP)为（该项目）。》
2515403,0,0,0.367,0.633,0.266,《现在有个项目被模型预测，其正面(也就是预测为CCP)解释为（该项目），其负面解释(也就是预测为非CCP)为（该项目）。》
203312,0,1,0.634,0.366,0.268,《现在有个项目被模型预测，其正面(也就是预测为CCP)解释为（该项目），其负面解释(也就是预测为非CCP)为（该项目）。》
2907649,1,1,0.634,0.366,0.268,《现在有个项目被模型预测，其正面(也就是预测为CCP)解释为（该项目），其负面解释(也就是预测为非CCP)为（该项目）。》
2533517,0,0,0.366,0.634,0.268,《现在有个项目被模型预测，其正面(也就是预测为CCP)解释为（该项目），其负面解释(也就是预测为非CCP)为（该项目）。》
2507097,1,1,0.635,0.365,0.27,《现在有个项目被模型预测，其正面(也就是预测为CCP)解释为（该项目），其负面解释(也就是预测为非CCP)为（该项目）。》
4120500,0,0,0.365,0.635,0.27,《现在有个项目被模型预测，其正面(也就是预测为CCP)解释为（该项目），其负面解释(也就是预测为非CCP)为（该项目）。》
2148489,1,1,0.636,0.364,0.272,《现在有个项目被模型预测，其正面(也就是预测为CCP)解释为（该项目），其负面解释(也就是预测为非CCP)为（该项目）。》
2514832,1,0,0.364,0.636,0.272,《现在有个项目被模型预测，其正面(也就是预测为CCP)解释为（该项目），其负面解释(也就是预测为非CCP)为（该项目）。》
2226151,0,1,0.636,0.364,0.272,《现在有个项目被模型预测，其正面(也就是预测为CCP)解释为（该项目），其负面解释(也就是预测为非CCP)为（该项目）。》
666324,1,0,0.364,0.636,0.272,《现在有个项目被模型预测，其正面(也就是预测为CCP)解释为（该项目），其负面解释(也就是预测为非CCP)为（该项目）。》
988889,0,1,0.636,0.364,0.272,《现在有个项目被模型预测，其正面(也就是预测为CCP)解释为（该项目），其负面解释(也就是预测为非CCP)为（该项目）。》
1816151,1,0,0.364,0.636,0.272,《现在有个项目被模型预测，其正面(也就是预测为CCP)解释为（该项目），其负面解释(也就是预测为非CCP)为（该项目）。》
2510006,1,1,0.637,0.363,0.274,《现在有个项目被模型预测，其正面(也就是预测为CCP)解释为（该项目），其负面解释(也就是预测为非CCP)为（该项目）。》
2519463,1,0,0.363,0.637,0.274,《现在有个项目被模型预测，其正面(也就是预测为CCP)解释为（该项目），其负面解释(也就是预测为非CCP)为（该项目）。》
2509212,0,0,0.363,0.637,0.274,《现在有个项目被模型预测，其正面(也就是预测为CCP)解释为（该项目），其负面解释(也就是预测为非CCP)为（该项目）。》
1318227,0,0,0.363,0.637,0.274,《现在有个项目被模型预测，其正面(也就是预测为CCP)解释为（该项目），其负面解释(也就是预测为非CCP)为（该项目）。》
2513142,0,0,0.362,0.638,0.276,《现在有个项目被模型预测，其正面(也就是预测为CCP)解释为（该项目），其负面解释(也就是预测为非CCP)为（该项目）。》
2519759,1,1,0.638,0.362,0.276,《现在有个项目被模型预测，其正面(也就是预测为CCP)解释为（该项目），其负面解释(也就是预测为非CCP)为（该项目）。》
2347970,0,0,0.362,0.638,0.276,《现在有个项目被模型预测，其正面(也就是预测为CCP)解释为（该项目），其负面解释(也就是预测为非CCP)为（该项目）。》
2226148,0,1,0.638,0.362,0.276,《现在有个项目被模型预测，其正面(也就是预测为CCP)解释为（该项目），其负面解释(也就是预测为非CCP)为（该项目）。》
128778,1,0,0.362,0.638,0.276,《现在有个项目被模型预测，其正面(也就是预测为CCP)解释为（该项目），其负面解释(也就是预测为非CCP)为（该项目）。》
207907,1,0,0.362,0.638,0.276,《现在有个项目被模型预测，其正面(也就是预测为CCP)解释为（该项目），其负面解释(也就是预测为非CCP)为（该项目）。》
1086746,0,0,0.361,0.639,0.278,《现在有个项目被模型预测，其正面(也就是预测为CCP)解释为（该项目），其负面解释(也就是预测为非CCP)为（该项目）。》
68327,1,1,0.639,0.361,0.278,《现在有个项目被模型预测，其正面(也就是预测为CCP)解释为（该项目），其负面解释(也就是预测为非CCP)为（该项目）。》
517955,0,0,0.361,0.639,0.278,《现在有个项目被模型预测，其正面(也就是预测为CCP)解释为（该项目），其负面解释(也就是预测为非CCP)为（该项目）。》
5623744,0,0,0.361,0.639,0.278,《现在有个项目被模型预测，其正面(也就是预测为CCP)解释为（该项目），其负面解释(也就是预测为非CCP)为（该项目）。》
2199391,0,0,0.36,0.64,0.28,《现在有个项目被模型预测，其正面(也就是预测为CCP)解释为（该项目），其负面解释(也就是预测为非CCP)为（该项目）。》
2227310,1,0,0.36,0.64,0.28,《现在有个项目被模型预测，其正面(也就是预测为CCP)解释为（该项目），其负面解释(也就是预测为非CCP)为（该项目）。》
2514454,1,1,0.64,0.36,0.28,《现在有个项目被模型预测，其正面(也就是预测为CCP)解释为（该项目），其负面解释(也就是预测为非CCP)为（该项目）。》
2180369,0,0,0.36,0.64,0.28,《现在有个项目被模型预测，其正面(也就是预测为CCP)解释为（该项目），其负面解释(也就是预测为非CCP)为（该项目）。》
255668,1,1,0.641,0.359,0.282,《现在有个项目被模型预测，其正面(也就是预测为CCP)解释为（该项目），其负面解释(也就是预测为非CCP)为（该项目）。》
363806,0,0,0.359,0.641,0.282,《现在有个项目被模型预测，其正面(也就是预测为CCP)解释为（该项目），其负面解释(也就是预测为非CCP)为（该项目）。》
2214053,0,1,0.641,0.359,0.282,《现在有个项目被模型预测，其正面(也就是预测为CCP)解释为（该项目），其负面解释(也就是预测为非CCP)为（该项目）。》
2519129,1,1,0.642,0.358,0.284,《现在有个项目被模型预测，其正面(也就是预测为CCP)解释为（该项目），其负面解释(也就是预测为非CCP)为（该项目）。》
524355,0,0,0.358,0.642,0.284,《现在有个项目被模型预测，其正面(也就是预测为CCP)解释为（该项目），其负面解释(也就是预测为非CCP)为（该项目）。》
353813,1,1,0.643,0.357,0.286,《现在有个项目被模型预测，其正面(也就是预测为CCP)解释为（该项目），其负面解释(也就是预测为非CCP)为（该项目）。》
1333957,0,0,0.357,0.643,0.286,《现在有个项目被模型预测，其正面(也就是预测为CCP)解释为（该项目），其负面解释(也就是预测为非CCP)为（该项目）。》
2194639,0,0,0.357,0.643,0.286,《现在有个项目被模型预测，其正面(也就是预测为CCP)解释为（该项目），其负面解释(也就是预测为非CCP)为（该项目）。》
7789273,1,0,0.356,0.644,0.288,《现在有个项目被模型预测，其正面(也就是预测为CCP)解释为（该项目），其负面解释(也就是预测为非CCP)为（该项目）。》
2227987,1,1,0.645,0.355,0.29,《现在有个项目被模型预测，其正面(也就是预测为CCP)解释为（该项目），其负面解释(也就是预测为非CCP)为（该项目）。》
2511707,0,1,0.645,0.355,0.29,《现在有个项目被模型预测，其正面(也就是预测为CCP)解释为（该项目），其负面解释(也就是预测为非CCP)为（该项目）。》
15045250,0,0,0.355,0.645,0.29,《现在有个项目被模型预测，其正面(也就是预测为CCP)解释为（该项目），其负面解释(也就是预测为非CCP)为（该项目）。》
1839906,1,1,0.646,0.354,0.292,《现在有个项目被模型预测，其正面(也就是预测为CCP)解释为（该项目），其负面解释(也就是预测为非CCP)为（该项目）。》
2222634,1,1,0.646,0.354,0.292,《现在有个项目被模型预测，其正面(也就是预测为CCP)解释为（该项目），其负面解释(也就是预测为非CCP)为（该项目）。》
2517778,1,1,0.646,0.354,0.292,《现在有个项目被模型预测，其正面(也就是预测为CCP)解释为（该项目），其负面解释(也就是预测为非CCP)为（该项目）。》
2511530,0,1,0.646,0.354,0.292,《现在有个项目被模型预测，其正面(也就是预测为CCP)解释为（该项目），其负面解释(也就是预测为非CCP)为（该项目）。》
1249349,1,0,0.354,0.646,0.292,《现在有个项目被模型预测，其正面(也就是预测为CCP)解释为（该项目），其负面解释(也就是预测为非CCP)为（该项目）。》
663865,1,1,0.646,0.354,0.292,《现在有个项目被模型预测，其正面(也就是预测为CCP)解释为（该项目），其负面解释(也就是预测为非CCP)为（该项目）。》
2226137,0,0,0.354,0.646,0.292,《现在有个项目被模型预测，其正面(也就是预测为CCP)解释为（该项目），其负面解释(也就是预测为非CCP)为（该项目）。》
2204462,1,0,0.353,0.647,0.294,《现在有个项目被模型预测，其正面(也就是预测为CCP)解释为（该项目），其负面解释(也就是预测为非CCP)为（该项目）。》
2508728,0,1,0.647,0.353,0.294,《现在有个项目被模型预测，其正面(也就是预测为CCP)解释为（该项目），其负面解释(也就是预测为非CCP)为（该项目）。》
2227276,0,0,0.353,0.647,0.294,《现在有个项目被模型预测，其正面(也就是预测为CCP)解释为（该项目），其负面解释(也就是预测为非CCP)为（该项目）。》
2238593,0,0,0.353,0.647,0.294,《现在有个项目被模型预测，其正面(也就是预测为CCP)解释为（该项目），其负面解释(也就是预测为非CCP)为（该项目）。》
113369,1,1,0.647,0.353,0.294,《现在有个项目被模型预测，其正面(也就是预测为CCP)解释为（该项目），其负面解释(也就是预测为非CCP)为（该项目）。》
156359,1,0,0.353,0.647,0.294,《现在有个项目被模型预测，其正面(也就是预测为CCP)解释为（该项目），其负面解释(也就是预测为非CCP)为（该项目）。》
165237,0,0,0.352,0.648,0.296,《现在有个项目被模型预测，其正面(也就是预测为CCP)解释为（该项目），其负面解释(也就是预测为非CCP)为（该项目）。》
2506892,0,1,0.648,0.352,0.296,《现在有个项目被模型预测，其正面(也就是预测为CCP)解释为（该项目），其负面解释(也就是预测为非CCP)为（该项目）。》
2508186,0,1,0.648,0.352,0.296,《现在有个项目被模型预测，其正面(也就是预测为CCP)解释为（该项目），其负面解释(也就是预测为非CCP)为（该项目）。》
2513285,1,1,0.648,0.352,0.296,《现在有个项目被模型预测，其正面(也就是预测为CCP)解释为（该项目），其负面解释(也就是预测为非CCP)为（该项目）。》
2538788,1,1,0.648,0.352,0.296,《现在有个项目被模型预测，其正面(也就是预测为CCP)解释为（该项目），其负面解释(也就是预测为非CCP)为（该项目）。》
12463565,0,1,0.648,0.352,0.296,《现在有个项目被模型预测，其正面(也就是预测为CCP)解释为（该项目），其负面解释(也就是预测为非CCP)为（该项目）。》
2507247,0,1,0.648,0.352,0.296,《现在有个项目被模型预测，其正面(也就是预测为CCP)解释为（该项目），其负面解释(也就是预测为非CCP)为（该项目）。》
28404805,0,0,0.352,0.648,0.296,《现在有个项目被模型预测，其正面(也就是预测为CCP)解释为（该项目），其负面解释(也就是预测为非CCP)为（该项目）。》
2197141,0,0,0.352,0.648,0.296,《现在有个项目被模型预测，其正面(也就是预测为CCP)解释为（该项目），其负面解释(也就是预测为非CCP)为（该项目）。》
2509596,0,0,0.351,0.649,0.298,《现在有个项目被模型预测，其正面(也就是预测为CCP)解释为（该项目），其负面解释(也就是预测为非CCP)为（该项目）。》
2509609,0,1,0.649,0.351,0.298,《现在有个项目被模型预测，其正面(也就是预测为CCP)解释为（该项目），其负面解释(也就是预测为非CCP)为（该项目）。》
2514408,1,1,0.649,0.351,0.298,《现在有个项目被模型预测，其正面(也就是预测为CCP)解释为（该项目），其负面解释(也就是预测为非CCP)为（该项目）。》
2510084,0,0,0.351,0.649,0.298,《现在有个项目被模型预测，其正面(也就是预测为CCP)解释为（该项目），其负面解释(也就是预测为非CCP)为（该项目）。》
984045,0,1,0.649,0.351,0.298,《现在有个项目被模型预测，其正面(也就是预测为CCP)解释为（该项目），其负面解释(也就是预测为非CCP)为（该项目）。》
314452,1,1,0.65,0.35,0.3,《现在有个项目被模型预测，其正面(也就是预测为CCP)解释为（该项目），其负面解释(也就是预测为非CCP)为（该项目）。》
959474,0,0,0.35,0.65,0.3,《现在有个项目被模型预测，其正面(也就是预测为CCP)解释为（该项目），其负面解释(也就是预测为非CCP)为（该项目）。》
2205481,0,0,0.349,0.651,0.302,《现在有个项目被模型预测，其正面(也就是预测为CCP)解释为（该项目），其负面解释(也就是预测为非CCP)为（该项目）。》
9213647,1,0,0.349,0.651,0.302,《现在有个项目被模型预测，其正面(也就是预测为CCP)解释为（该项目），其负面解释(也就是预测为非CCP)为（该项目）。》
868514,0,1,0.653,0.347,0.306,《现在有个项目被模型预测，其正面(也就是预测为CCP)解释为（该项目），其负面解释(也就是预测为非CCP)为（该项目）。》
2509138,0,0,0.347,0.653,0.306,《现在有个项目被模型预测，其正面(也就是预测为CCP)解释为（该项目），其负面解释(也就是预测为非CCP)为（该项目）。》
2511939,0,1,0.653,0.347,0.306,《现在有个项目被模型预测，其正面(也就是预测为CCP)解释为（该项目），其负面解释(也就是预测为非CCP)为（该项目）。》
2507583,0,1,0.653,0.347,0.306,《现在有个项目被模型预测，其正面(也就是预测为CCP)解释为（该项目），其负面解释(也就是预测为非CCP)为（该项目）。》
14649907,1,1,0.653,0.347,0.306,《现在有个项目被模型预测，其正面(也就是预测为CCP)解释为（该项目），其负面解释(也就是预测为非CCP)为（该项目）。》
42933746,1,1,0.653,0.347,0.306,《现在有个项目被模型预测，其正面(也就是预测为CCP)解释为（该项目），其负面解释(也就是预测为非CCP)为（该项目）。》
2519769,0,0,0.347,0.653,0.306,《现在有个项目被模型预测，其正面(也就是预测为CCP)解释为（该项目），其负面解释(也就是预测为非CCP)为（该项目）。》
2145752,0,0,0.346,0.654,0.308,《现在有个项目被模型预测，其正面(也就是预测为CCP)解释为（该项目），其负面解释(也就是预测为非CCP)为（该项目）。》
2510920,1,0,0.346,0.654,0.308,《现在有个项目被模型预测，其正面(也就是预测为CCP)解释为（该项目），其负面解释(也就是预测为非CCP)为（该项目）。》
2524611,0,0,0.346,0.654,0.308,《现在有个项目被模型预测，其正面(也就是预测为CCP)解释为（该项目），其负面解释(也就是预测为非CCP)为（该项目）。》
41273360,0,0,0.346,0.654,0.308,《现在有个项目被模型预测，其正面(也就是预测为CCP)解释为（该项目），其负面解释(也就是预测为非CCP)为（该项目）。》
2510576,1,1,0.654,0.346,0.308,《现在有个项目被模型预测，其正面(也就是预测为CCP)解释为（该项目），其负面解释(也就是预测为非CCP)为（该项目）。》
2508184,1,1,0.655,0.345,0.31,《现在有个项目被模型预测，其正面(也就是预测为CCP)解释为（该项目），其负面解释(也就是预测为非CCP)为（该项目）。》
2226384,1,1,0.655,0.345,0.31,《现在有个项目被模型预测，其正面(也就是预测为CCP)解释为（该项目），其负面解释(也就是预测为非CCP)为（该项目）。》
2511499,0,0,0.345,0.655,0.31,《现在有个项目被模型预测，其正面(也就是预测为CCP)解释为（该项目），其负面解释(也就是预测为非CCP)为（该项目）。》
885910,0,1,0.656,0.344,0.312,《现在有个项目被模型预测，其正面(也就是预测为CCP)解释为（该项目），其负面解释(也就是预测为非CCP)为（该项目）。》
2513566,1,0,0.344,0.656,0.312,《现在有个项目被模型预测，其正面(也就是预测为CCP)解释为（该项目），其负面解释(也就是预测为非CCP)为（该项目）。》
19974260,1,0,0.344,0.656,0.312,《现在有个项目被模型预测，其正面(也就是预测为CCP)解释为（该项目），其负面解释(也就是预测为非CCP)为（该项目）。》
208042,1,0,0.344,0.656,0.312,《现在有个项目被模型预测，其正面(也就是预测为CCP)解释为（该项目），其负面解释(也就是预测为非CCP)为（该项目）。》
597367,1,1,0.657,0.343,0.314,《现在有个项目被模型预测，其正面(也就是预测为CCP)解释为（该项目），其负面解释(也就是预测为非CCP)为（该项目）。》
834152,0,0,0.343,0.657,0.314,《现在有个项目被模型预测，其正面(也就是预测为CCP)解释为（该项目），其负面解释(也就是预测为非CCP)为（该项目）。》
2347791,1,1,0.657,0.343,0.314,《现在有个项目被模型预测，其正面(也就是预测为CCP)解释为（该项目），其负面解释(也就是预测为非CCP)为（该项目）。》
2510024,0,0,0.343,0.657,0.314,《现在有个项目被模型预测，其正面(也就是预测为CCP)解释为（该项目），其负面解释(也就是预测为非CCP)为（该项目）。》
2517584,1,0,0.343,0.657,0.314,《现在有个项目被模型预测，其正面(也就是预测为CCP)解释为（该项目），其负面解释(也就是预测为非CCP)为（该项目）。》
2770309,1,1,0.657,0.343,0.314,《现在有个项目被模型预测，其正面(也就是预测为CCP)解释为（该项目），其负面解释(也就是预测为非CCP)为（该项目）。》
2516554,0,0,0.343,0.657,0.314,《现在有个项目被模型预测，其正面(也就是预测为CCP)解释为（该项目），其负面解释(也就是预测为非CCP)为（该项目）。》
598409,0,1,0.657,0.343,0.314,《现在有个项目被模型预测，其正面(也就是预测为CCP)解释为（该项目），其负面解释(也就是预测为非CCP)为（该项目）。》
2419961,1,1,0.658,0.342,0.316,《现在有个项目被模型预测，其正面(也就是预测为CCP)解释为（该项目），其负面解释(也就是预测为非CCP)为（该项目）。》
2515143,1,1,0.658,0.342,0.316,《现在有个项目被模型预测，其正面(也就是预测为CCP)解释为（该项目），其负面解释(也就是预测为非CCP)为（该项目）。》
14311584,0,0,0.342,0.658,0.316,《现在有个项目被模型预测，其正面(也就是预测为CCP)解释为（该项目），其负面解释(也就是预测为非CCP)为（该项目）。》
2660854,1,0,0.342,0.658,0.316,《现在有个项目被模型预测，其正面(也就是预测为CCP)解释为（该项目），其负面解释(也就是预测为非CCP)为（该项目）。》
290338,0,1,0.658,0.342,0.316,《现在有个项目被模型预测，其正面(也就是预测为CCP)解释为（该项目），其负面解释(也就是预测为非CCP)为（该项目）。》
884622,0,1,0.658,0.342,0.316,《现在有个项目被模型预测，其正面(也就是预测为CCP)解释为（该项目），其负面解释(也就是预测为非CCP)为（该项目）。》
355037,0,0,0.341,0.659,0.318,《现在有个项目被模型预测，其正面(也就是预测为CCP)解释为（该项目），其负面解释(也就是预测为非CCP)为（该项目）。》
2508842,0,1,0.659,0.341,0.318,《现在有个项目被模型预测，其正面(也就是预测为CCP)解释为（该项目），其负面解释(也就是预测为非CCP)为（该项目）。》
2515077,1,1,0.659,0.341,0.318,《现在有个项目被模型预测，其正面(也就是预测为CCP)解释为（该项目），其负面解释(也就是预测为非CCP)为（该项目）。》
1273953,0,0,0.341,0.659,0.318,《现在有个项目被模型预测，其正面(也就是预测为CCP)解释为（该项目），其负面解释(也就是预测为非CCP)为（该项目）。》
2538684,1,0,0.341,0.659,0.318,《现在有个项目被模型预测，其正面(也就是预测为CCP)解释为（该项目），其负面解释(也就是预测为非CCP)为（该项目）。》
27123,1,1,0.66,0.34,0.32,《现在有个项目被模型预测，其正面(也就是预测为CCP)解释为（该项目），其负面解释(也就是预测为非CCP)为（该项目）。》
2510042,0,0,0.34,0.66,0.32,《现在有个项目被模型预测，其正面(也就是预测为CCP)解释为（该项目），其负面解释(也就是预测为非CCP)为（该项目）。》
1073763,0,0,0.34,0.66,0.32,《现在有个项目被模型预测，其正面(也就是预测为CCP)解释为（该项目），其负面解释(也就是预测为非CCP)为（该项目）。》
2512692,0,1,0.66,0.34,0.32,《现在有个项目被模型预测，其正面(也就是预测为CCP)解释为（该项目），其负面解释(也就是预测为非CCP)为（该项目）。》
2513977,1,1,0.66,0.34,0.32,《现在有个项目被模型预测，其正面(也就是预测为CCP)解释为（该项目），其负面解释(也就是预测为非CCP)为（该项目）。》
2512080,1,1,0.66,0.34,0.32,《现在有个项目被模型预测，其正面(也就是预测为CCP)解释为（该项目），其负面解释(也就是预测为非CCP)为（该项目）。》
15992574,0,0,0.34,0.66,0.32,《现在有个项目被模型预测，其正面(也就是预测为CCP)解释为（该项目），其负面解释(也就是预测为非CCP)为（该项目）。》
2514049,0,0,0.34,0.66,0.32,《现在有个项目被模型预测，其正面(也就是预测为CCP)解释为（该项目），其负面解释(也就是预测为非CCP)为（该项目）。》
2348432,0,0,0.34,0.66,0.32,《现在有个项目被模型预测，其正面(也就是预测为CCP)解释为（该项目），其负面解释(也就是预测为非CCP)为（该项目）。》
2507683,1,0,0.34,0.66,0.32,《现在有个项目被模型预测，其正面(也就是预测为CCP)解释为（该项目），其负面解释(也就是预测为非CCP)为（该项目）。》
2512053,0,0,0.34,0.66,0.32,《现在有个项目被模型预测，其正面(也就是预测为CCP)解释为（该项目），其负面解释(也就是预测为非CCP)为（该项目）。》
85176,0,0,0.339,0.661,0.322,《现在有个项目被模型预测，其正面(也就是预测为CCP)解释为（该项目），其负面解释(也就是预测为非CCP)为（该项目）。》
2146659,0,1,0.661,0.339,0.322,《现在有个项目被模型预测，其正面(也就是预测为CCP)解释为（该项目），其负面解释(也就是预测为非CCP)为（该项目）。》
2510532,0,0,0.339,0.661,0.322,《现在有个项目被模型预测，其正面(也就是预测为CCP)解释为（该项目），其负面解释(也就是预测为非CCP)为（该项目）。》
3228780,0,0,0.339,0.661,0.322,《现在有个项目被模型预测，其正面(也就是预测为CCP)解释为（该项目），其负面解释(也就是预测为非CCP)为（该项目）。》
35046956,1,1,0.661,0.339,0.322,《现在有个项目被模型预测，其正面(也就是预测为CCP)解释为（该项目），其负面解释(也就是预测为非CCP)为（该项目）。》
145438,1,1,0.661,0.339,0.322,《现在有个项目被模型预测，其正面(也就是预测为CCP)解释为（该项目），其负面解释(也就是预测为非CCP)为（该项目）。》
2146628,1,1,0.662,0.338,0.324,《现在有个项目被模型预测，其正面(也就是预测为CCP)解释为（该项目），其负面解释(也就是预测为非CCP)为（该项目）。》
2226951,0,0,0.338,0.662,0.324,《现在有个项目被模型预测，其正面(也就是预测为CCP)解释为（该项目），其负面解释(也就是预测为非CCP)为（该项目）。》
2764284,1,0,0.338,0.662,0.324,《现在有个项目被模型预测，其正面(也就是预测为CCP)解释为（该项目），其负面解释(也就是预测为非CCP)为（该项目）。》
532428,1,1,0.662,0.338,0.324,《现在有个项目被模型预测，其正面(也就是预测为CCP)解释为（该项目），其负面解释(也就是预测为非CCP)为（该项目）。》
13033363,1,1,0.662,0.338,0.324,《现在有个项目被模型预测，其正面(也就是预测为CCP)解释为（该项目），其负面解释(也就是预测为非CCP)为（该项目）。》
2507902,0,0,0.337,0.663,0.326,《现在有个项目被模型预测，其正面(也就是预测为CCP)解释为（该项目），其负面解释(也就是预测为非CCP)为（该项目）。》
2514206,1,1,0.663,0.337,0.326,《现在有个项目被模型预测，其正面(也就是预测为CCP)解释为（该项目），其负面解释(也就是预测为非CCP)为（该项目）。》
2225740,0,0,0.336,0.664,0.328,《现在有个项目被模型预测，其正面(也就是预测为CCP)解释为（该项目），其负面解释(也就是预测为非CCP)为（该项目）。》
2226049,1,1,0.664,0.336,0.328,《现在有个项目被模型预测，其正面(也就是预测为CCP)解释为（该项目），其负面解释(也就是预测为非CCP)为（该项目）。》
2510980,1,1,0.664,0.336,0.328,《现在有个项目被模型预测，其正面(也就是预测为CCP)解释为（该项目），其负面解释(也就是预测为非CCP)为（该项目）。》
2515940,1,1,0.664,0.336,0.328,《现在有个项目被模型预测，其正面(也就是预测为CCP)解释为（该项目），其负面解释(也就是预测为非CCP)为（该项目）。》
7294154,1,0,0.336,0.664,0.328,《现在有个项目被模型预测，其正面(也就是预测为CCP)解释为（该项目），其负面解释(也就是预测为非CCP)为（该项目）。》
16363701,1,0,0.336,0.664,0.328,《现在有个项目被模型预测，其正面(也就是预测为CCP)解释为（该项目），其负面解释(也就是预测为非CCP)为（该项目）。》
2513267,1,1,0.665,0.335,0.33,《现在有个项目被模型预测，其正面(也就是预测为CCP)解释为（该项目），其负面解释(也就是预测为非CCP)为（该项目）。》
2513532,0,0,0.335,0.665,0.33,《现在有个项目被模型预测，其正面(也就是预测为CCP)解释为（该项目），其负面解释(也就是预测为非CCP)为（该项目）。》
2508381,1,1,0.665,0.335,0.33,《现在有个项目被模型预测，其正面(也就是预测为CCP)解释为（该项目），其负面解释(也就是预测为非CCP)为（该项目）。》
32647533,1,1,0.666,0.334,0.332,《现在有个项目被模型预测，其正面(也就是预测为CCP)解释为（该项目），其负面解释(也就是预测为非CCP)为（该项目）。》
31084850,1,1,0.666,0.334,0.332,《现在有个项目被模型预测，其正面(也就是预测为CCP)解释为（该项目），其负面解释(也就是预测为非CCP)为（该项目）。》
298157,0,0,0.334,0.666,0.332,《现在有个项目被模型预测，其正面(也就是预测为CCP)解释为（该项目），其负面解释(也就是预测为非CCP)为（该项目）。》
2513896,0,1,0.667,0.333,0.334,《现在有个项目被模型预测，其正面(也就是预测为CCP)解释为（该项目），其负面解释(也就是预测为非CCP)为（该项目）。》
2513583,1,0,0.333,0.667,0.334,《现在有个项目被模型预测，其正面(也就是预测为CCP)解释为（该项目），其负面解释(也就是预测为非CCP)为（该项目）。》
2227203,1,0,0.332,0.668,0.336,《现在有个项目被模型预测，其正面(也就是预测为CCP)解释为（该项目），其负面解释(也就是预测为非CCP)为（该项目）。》
2206160,1,1,0.668,0.332,0.336,《现在有个项目被模型预测，其正面(也就是预测为CCP)解释为（该项目），其负面解释(也就是预测为非CCP)为（该项目）。》
2226153,0,0,0.332,0.668,0.336,《现在有个项目被模型预测，其正面(也就是预测为CCP)解释为（该项目），其负面解释(也就是预测为非CCP)为（该项目）。》
2506821,0,0,0.332,0.668,0.336,《现在有个项目被模型预测，其正面(也就是预测为CCP)解释为（该项目），其负面解释(也就是预测为非CCP)为（该项目）。》
632518,0,0,0.331,0.669,0.338,《现在有个项目被模型预测，其正面(也就是预测为CCP)解释为（该项目），其负面解释(也就是预测为非CCP)为（该项目）。》
2566214,0,1,0.669,0.331,0.338,《现在有个项目被模型预测，其正面(也就是预测为CCP)解释为（该项目），其负面解释(也就是预测为非CCP)为（该项目）。》
566635,1,1,0.67,0.33,0.34,《现在有个项目被模型预测，其正面(也就是预测为CCP)解释为（该项目），其负面解释(也就是预测为非CCP)为（该项目）。》
2512110,0,0,0.33,0.67,0.34,《现在有个项目被模型预测，其正面(也就是预测为CCP)解释为（该项目），其负面解释(也就是预测为非CCP)为（该项目）。》
2515052,1,1,0.67,0.33,0.34,《现在有个项目被模型预测，其正面(也就是预测为CCP)解释为（该项目），其负面解释(也就是预测为非CCP)为（该项目）。》
19154055,0,1,0.67,0.33,0.34,《现在有个项目被模型预测，其正面(也就是预测为CCP)解释为（该项目），其负面解释(也就是预测为非CCP)为（该项目）。》
4718273,0,1,0.67,0.33,0.34,《现在有个项目被模型预测，其正面(也就是预测为CCP)解释为（该项目），其负面解释(也就是预测为非CCP)为（该项目）。》
7041433,1,1,0.67,0.33,0.34,《现在有个项目被模型预测，其正面(也就是预测为CCP)解释为（该项目），其负面解释(也就是预测为非CCP)为（该项目）。》
244600,0,0,0.329,0.671,0.342,《现在有个项目被模型预测，其正面(也就是预测为CCP)解释为（该项目），其负面解释(也就是预测为非CCP)为（该项目）。》
1840915,0,1,0.671,0.329,0.342,《现在有个项目被模型预测，其正面(也就是预测为CCP)解释为（该项目），其负面解释(也就是预测为非CCP)为（该项目）。》
7497996,0,0,0.329,0.671,0.342,《现在有个项目被模型预测，其正面(也就是预测为CCP)解释为（该项目），其负面解释(也就是预测为非CCP)为（该项目）。》
742465,1,1,0.671,0.329,0.342,《现在有个项目被模型预测，其正面(也就是预测为CCP)解释为（该项目），其负面解释(也就是预测为非CCP)为（该项目）。》
1074434,1,1,0.671,0.329,0.342,《现在有个项目被模型预测，其正面(也就是预测为CCP)解释为（该项目），其负面解释(也就是预测为非CCP)为（该项目）。》
2507481,1,1,0.672,0.328,0.344,《现在有个项目被模型预测，其正面(也就是预测为CCP)解释为（该项目），其负面解释(也就是预测为非CCP)为（该项目）。》
2514984,1,1,0.672,0.328,0.344,《现在有个项目被模型预测，其正面(也就是预测为CCP)解释为（该项目），其负面解释(也就是预测为非CCP)为（该项目）。》
1005526,1,0,0.328,0.672,0.344,《现在有个项目被模型预测，其正面(也就是预测为CCP)解释为（该项目），其负面解释(也就是预测为非CCP)为（该项目）。》
177361,1,1,0.673,0.327,0.346,《现在有个项目被模型预测，其正面(也就是预测为CCP)解释为（该项目），其负面解释(也就是预测为非CCP)为（该项目）。》
2509477,1,1,0.673,0.327,0.346,《现在有个项目被模型预测，其正面(也就是预测为CCP)解释为（该项目），其负面解释(也就是预测为非CCP)为（该项目）。》
43684,0,0,0.326,0.674,0.348,《现在有个项目被模型预测，其正面(也就是预测为CCP)解释为（该项目），其负面解释(也就是预测为非CCP)为（该项目）。》
2516772,1,1,0.674,0.326,0.348,《现在有个项目被模型预测，其正面(也就是预测为CCP)解释为（该项目），其负面解释(也就是预测为非CCP)为（该项目）。》
2506545,0,0,0.325,0.675,0.35,《现在有个项目被模型预测，其正面(也就是预测为CCP)解释为（该项目），其负面解释(也就是预测为非CCP)为（该项目）。》
28382384,0,0,0.325,0.675,0.35,《现在有个项目被模型预测，其正面(也就是预测为CCP)解释为（该项目），其负面解释(也就是预测为非CCP)为（该项目）。》
197334,0,0,0.325,0.675,0.35,《现在有个项目被模型预测，其正面(也就是预测为CCP)解释为（该项目），其负面解释(也就是预测为非CCP)为（该项目）。》
2509310,1,1,0.675,0.325,0.35,《现在有个项目被模型预测，其正面(也就是预测为CCP)解释为（该项目），其负面解释(也就是预测为非CCP)为（该项目）。》
2422900,0,1,0.675,0.325,0.35,《现在有个项目被模型预测，其正面(也就是预测为CCP)解释为（该项目），其负面解释(也就是预测为非CCP)为（该项目）。》
6789842,1,0,0.325,0.675,0.35,《现在有个项目被模型预测，其正面(也就是预测为CCP)解释为（该项目），其负面解释(也就是预测为非CCP)为（该项目）。》
1356635,1,1,0.676,0.324,0.352,《现在有个项目被模型预测，其正面(也就是预测为CCP)解释为（该项目），其负面解释(也就是预测为非CCP)为（该项目）。》
2509355,1,1,0.676,0.324,0.352,《现在有个项目被模型预测，其正面(也就是预测为CCP)解释为（该项目），其负面解释(也就是预测为非CCP)为（该项目）。》
2783122,0,1,0.676,0.324,0.352,《现在有个项目被模型预测，其正面(也就是预测为CCP)解释为（该项目），其负面解释(也就是预测为非CCP)为（该项目）。》
2507473,1,1,0.676,0.324,0.352,《现在有个项目被模型预测，其正面(也就是预测为CCP)解释为（该项目），其负面解释(也就是预测为非CCP)为（该项目）。》
2200002,0,0,0.324,0.676,0.352,《现在有个项目被模型预测，其正面(也就是预测为CCP)解释为（该项目），其负面解释(也就是预测为非CCP)为（该项目）。》
3358763,0,0,0.324,0.676,0.352,《现在有个项目被模型预测，其正面(也就是预测为CCP)解释为（该项目），其负面解释(也就是预测为非CCP)为（该项目）。》
5942634,1,1,0.676,0.324,0.352,《现在有个项目被模型预测，其正面(也就是预测为CCP)解释为（该项目），其负面解释(也就是预测为非CCP)为（该项目）。》
2210364,1,1,0.677,0.323,0.354,《现在有个项目被模型预测，其正面(也就是预测为CCP)解释为（该项目），其负面解释(也就是预测为非CCP)为（该项目）。》
2146147,1,1,0.677,0.323,0.354,《现在有个项目被模型预测，其正面(也就是预测为CCP)解释为（该项目），其负面解释(也就是预测为非CCP)为（该项目）。》
937031,1,0,0.322,0.678,0.356,《现在有个项目被模型预测，其正面(也就是预测为CCP)解释为（该项目），其负面解释(也就是预测为非CCP)为（该项目）。》
2509914,1,0,0.322,0.678,0.356,《现在有个项目被模型预测，其正面(也就是预测为CCP)解释为（该项目），其负面解释(也就是预测为非CCP)为（该项目）。》
507699,0,1,0.679,0.321,0.358,《现在有个项目被模型预测，其正面(也就是预测为CCP)解释为（该项目），其负面解释(也就是预测为非CCP)为（该项目）。》
2305301,0,0,0.321,0.679,0.358,《现在有个项目被模型预测，其正面(也就是预测为CCP)解释为（该项目），其负面解释(也就是预测为非CCP)为（该项目）。》
2510292,0,0,0.321,0.679,0.358,《现在有个项目被模型预测，其正面(也就是预测为CCP)解释为（该项目），其负面解释(也就是预测为非CCP)为（该项目）。》
2515053,1,1,0.679,0.321,0.358,《现在有个项目被模型预测，其正面(也就是预测为CCP)解释为（该项目），其负面解释(也就是预测为非CCP)为（该项目）。》
471425,1,0,0.321,0.679,0.358,《现在有个项目被模型预测，其正面(也就是预测为CCP)解释为（该项目），其负面解释(也就是预测为非CCP)为（该项目）。》
2507934,0,1,0.68,0.32,0.36,《现在有个项目被模型预测，其正面(也就是预测为CCP)解释为（该项目），其负面解释(也就是预测为非CCP)为（该项目）。》
2517821,0,1,0.68,0.32,0.36,《现在有个项目被模型预测，其正面(也就是预测为CCP)解释为（该项目），其负面解释(也就是预测为非CCP)为（该项目）。》
2524612,0,0,0.32,0.68,0.36,《现在有个项目被模型预测，其正面(也就是预测为CCP)解释为（该项目），其负面解释(也就是预测为非CCP)为（该项目）。》
8011231,1,0,0.319,0.681,0.362,《现在有个项目被模型预测，其正面(也就是预测为CCP)解释为（该项目），其负面解释(也就是预测为非CCP)为（该项目）。》
59884,0,0,0.318,0.682,0.364,《现在有个项目被模型预测，其正面(也就是预测为CCP)解释为（该项目），其负面解释(也就是预测为非CCP)为（该项目）。》
2508617,1,1,0.682,0.318,0.364,《现在有个项目被模型预测，其正面(也就是预测为CCP)解释为（该项目），其负面解释(也就是预测为非CCP)为（该项目）。》
2513913,0,0,0.318,0.682,0.364,《现在有个项目被模型预测，其正面(也就是预测为CCP)解释为（该项目），其负面解释(也就是预测为非CCP)为（该项目）。》
3118317,1,1,0.682,0.318,0.364,《现在有个项目被模型预测，其正面(也就是预测为CCP)解释为（该项目），其负面解释(也就是预测为非CCP)为（该项目）。》
113117,1,1,0.682,0.318,0.364,《现在有个项目被模型预测，其正面(也就是预测为CCP)解释为（该项目），其负面解释(也就是预测为非CCP)为（该项目）。》
2513001,0,0,0.318,0.682,0.364,《现在有个项目被模型预测，其正面(也就是预测为CCP)解释为（该项目），其负面解释(也就是预测为非CCP)为（该项目）。》
123435,0,0,0.317,0.683,0.366,《现在有个项目被模型预测，其正面(也就是预测为CCP)解释为（该项目），其负面解释(也就是预测为非CCP)为（该项目）。》
2506541,1,0,0.317,0.683,0.366,《现在有个项目被模型预测，其正面(也就是预测为CCP)解释为（该项目），其负面解释(也就是预测为非CCP)为（该项目）。》
2511197,1,1,0.683,0.317,0.366,《现在有个项目被模型预测，其正面(也就是预测为CCP)解释为（该项目），其负面解释(也就是预测为非CCP)为（该项目）。》
2557242,1,1,0.683,0.317,0.366,《现在有个项目被模型预测，其正面(也就是预测为CCP)解释为（该项目），其负面解释(也就是预测为非CCP)为（该项目）。》
12428346,0,1,0.683,0.317,0.366,《现在有个项目被模型预测，其正面(也就是预测为CCP)解释为（该项目），其负面解释(也就是预测为非CCP)为（该项目）。》
90468,0,1,0.683,0.317,0.366,《现在有个项目被模型预测，其正面(也就是预测为CCP)解释为（该项目），其负面解释(也就是预测为非CCP)为（该项目）。》
494867,1,0,0.317,0.683,0.366,《现在有个项目被模型预测，其正面(也就是预测为CCP)解释为（该项目），其负面解释(也就是预测为非CCP)为（该项目）。》
2507477,1,0,0.317,0.683,0.366,《现在有个项目被模型预测，其正面(也就是预测为CCP)解释为（该项目），其负面解释(也就是预测为非CCP)为（该项目）。》
157531,1,0,0.316,0.684,0.368,《现在有个项目被模型预测，其正面(也就是预测为CCP)解释为（该项目），其负面解释(也就是预测为非CCP)为（该项目）。》
603314,1,1,0.684,0.316,0.368,《现在有个项目被模型预测，其正面(也就是预测为CCP)解释为（该项目），其负面解释(也就是预测为非CCP)为（该项目）。》
2225964,1,0,0.316,0.684,0.368,《现在有个项目被模型预测，其正面(也就是预测为CCP)解释为（该项目），其负面解释(也就是预测为非CCP)为（该项目）。》
2506748,1,1,0.684,0.316,0.368,《现在有个项目被模型预测，其正面(也就是预测为CCP)解释为（该项目），其负面解释(也就是预测为非CCP)为（该项目）。》
2893407,0,0,0.316,0.684,0.368,《现在有个项目被模型预测，其正面(也就是预测为CCP)解释为（该项目），其负面解释(也就是预测为非CCP)为（该项目）。》
238694,1,1,0.684,0.316,0.368,《现在有个项目被模型预测，其正面(也就是预测为CCP)解释为（该项目），其负面解释(也就是预测为非CCP)为（该项目）。》
2511851,1,0,0.315,0.685,0.37,《现在有个项目被模型预测，其正面(也就是预测为CCP)解释为（该项目），其负面解释(也就是预测为非CCP)为（该项目）。》
3309663,1,1,0.685,0.315,0.37,《现在有个项目被模型预测，其正面(也就是预测为CCP)解释为（该项目），其负面解释(也就是预测为非CCP)为（该项目）。》
2509764,0,1,0.685,0.315,0.37,《现在有个项目被模型预测，其正面(也就是预测为CCP)解释为（该项目），其负面解释(也就是预测为非CCP)为（该项目）。》
11072200,0,1,0.685,0.315,0.37,《现在有个项目被模型预测，其正面(也就是预测为CCP)解释为（该项目），其负面解释(也就是预测为非CCP)为（该项目）。》
189238,0,0,0.314,0.686,0.372,《现在有个项目被模型预测，其正面(也就是预测为CCP)解释为（该项目），其负面解释(也就是预测为非CCP)为（该项目）。》
2782569,1,1,0.686,0.314,0.372,《现在有个项目被模型预测，其正面(也就是预测为CCP)解释为（该项目），其负面解释(也就是预测为非CCP)为（该项目）。》
28875,0,0,0.314,0.686,0.372,《现在有个项目被模型预测，其正面(也就是预测为CCP)解释为（该项目），其负面解释(也就是预测为非CCP)为（该项目）。》
695656,0,0,0.314,0.686,0.372,《现在有个项目被模型预测，其正面(也就是预测为CCP)解释为（该项目），其负面解释(也就是预测为非CCP)为（该项目）。》
2417642,0,1,0.687,0.313,0.374,《现在有个项目被模型预测，其正面(也就是预测为CCP)解释为（该项目），其负面解释(也就是预测为非CCP)为（该项目）。》
1823764,1,1,0.687,0.313,0.374,《现在有个项目被模型预测，其正面(也就是预测为CCP)解释为（该项目），其负面解释(也就是预测为非CCP)为（该项目）。》
2507602,0,0,0.313,0.687,0.374,《现在有个项目被模型预测，其正面(也就是预测为CCP)解释为（该项目），其负面解释(也就是预测为非CCP)为（该项目）。》
34945949,1,1,0.687,0.313,0.374,《现在有个项目被模型预测，其正面(也就是预测为CCP)解释为（该项目），其负面解释(也就是预测为非CCP)为（该项目）。》
2888505,1,0,0.313,0.687,0.374,《现在有个项目被模型预测，其正面(也就是预测为CCP)解释为（该项目），其负面解释(也就是预测为非CCP)为（该项目）。》
906560,0,0,0.312,0.688,0.376,《现在有个项目被模型预测，其正面(也就是预测为CCP)解释为（该项目），其负面解释(也就是预测为非CCP)为（该项目）。》
2510553,1,1,0.688,0.312,0.376,《现在有个项目被模型预测，其正面(也就是预测为CCP)解释为（该项目），其负面解释(也就是预测为非CCP)为（该项目）。》
2515415,0,0,0.312,0.688,0.376,《现在有个项目被模型预测，其正面(也就是预测为CCP)解释为（该项目），其负面解释(也就是预测为非CCP)为（该项目）。》
2514965,1,1,0.688,0.312,0.376,《现在有个项目被模型预测，其正面(也就是预测为CCP)解释为（该项目），其负面解释(也就是预测为非CCP)为（该项目）。》
960882,0,0,0.312,0.688,0.376,《现在有个项目被模型预测，其正面(也就是预测为CCP)解释为（该项目），其负面解释(也就是预测为非CCP)为（该项目）。》
235574,0,1,0.689,0.311,0.378,《现在有个项目被模型预测，其正面(也就是预测为CCP)解释为（该项目），其负面解释(也就是预测为非CCP)为（该项目）。》
2510885,1,0,0.311,0.689,0.378,《现在有个项目被模型预测，其正面(也就是预测为CCP)解释为（该项目），其负面解释(也就是预测为非CCP)为（该项目）。》
466745,0,0,0.311,0.689,0.378,《现在有个项目被模型预测，其正面(也就是预测为CCP)解释为（该项目），其负面解释(也就是预测为非CCP)为（该项目）。》
956791,1,1,0.689,0.311,0.378,《现在有个项目被模型预测，其正面(也就是预测为CCP)解释为（该项目），其负面解释(也就是预测为非CCP)为（该项目）。》
33035484,0,0,0.311,0.689,0.378,《现在有个项目被模型预测，其正面(也就是预测为CCP)解释为（该项目），其负面解释(也就是预测为非CCP)为（该项目）。》
2226726,1,0,0.31,0.69,0.38,《现在有个项目被模型预测，其正面(也就是预测为CCP)解释为（该项目），其负面解释(也就是预测为非CCP)为（该项目）。》
1476807,1,1,0.69,0.31,0.38,《现在有个项目被模型预测，其正面(也就是预测为CCP)解释为（该项目），其负面解释(也就是预测为非CCP)为（该项目）。》
1391306,0,0,0.31,0.69,0.38,《现在有个项目被模型预测，其正面(也就是预测为CCP)解释为（该项目），其负面解释(也就是预测为非CCP)为（该项目）。》
475143,0,0,0.309,0.691,0.382,《现在有个项目被模型预测，其正面(也就是预测为CCP)解释为（该项目），其负面解释(也就是预测为非CCP)为（该项目）。》
2535362,0,0,0.309,0.691,0.382,《现在有个项目被模型预测，其正面(也就是预测为CCP)解释为（该项目），其负面解释(也就是预测为非CCP)为（该项目）。》
2956180,0,0,0.309,0.691,0.382,《现在有个项目被模型预测，其正面(也就是预测为CCP)解释为（该项目），其负面解释(也就是预测为非CCP)为（该项目）。》
212764,1,1,0.691,0.309,0.382,《现在有个项目被模型预测，其正面(也就是预测为CCP)解释为（该项目），其负面解释(也就是预测为非CCP)为（该项目）。》
2506295,1,1,0.691,0.309,0.382,《现在有个项目被模型预测，其正面(也就是预测为CCP)解释为（该项目），其负面解释(也就是预测为非CCP)为（该项目）。》
221375,0,0,0.309,0.691,0.382,《现在有个项目被模型预测，其正面(也就是预测为CCP)解释为（该项目），其负面解释(也就是预测为非CCP)为（该项目）。》
1040233,0,0,0.309,0.691,0.382,《现在有个项目被模型预测，其正面(也就是预测为CCP)解释为（该项目），其负面解释(也就是预测为非CCP)为（该项目）。》
121841,1,1,0.692,0.308,0.384,《现在有个项目被模型预测，其正面(也就是预测为CCP)解释为（该项目），其负面解释(也就是预测为非CCP)为（该项目）。》
626180,1,1,0.692,0.308,0.384,《现在有个项目被模型预测，其正面(也就是预测为CCP)解释为（该项目），其负面解释(也就是预测为非CCP)为（该项目）。》
1267227,1,0,0.308,0.692,0.384,《现在有个项目被模型预测，其正面(也就是预测为CCP)解释为（该项目），其负面解释(也就是预测为非CCP)为（该项目）。》
2225608,0,1,0.692,0.308,0.384,《现在有个项目被模型预测，其正面(也就是预测为CCP)解释为（该项目），其负面解释(也就是预测为非CCP)为（该项目）。》
2552062,0,0,0.308,0.692,0.384,《现在有个项目被模型预测，其正面(也就是预测为CCP)解释为（该项目），其负面解释(也就是预测为非CCP)为（该项目）。》
18854374,1,1,0.692,0.308,0.384,《现在有个项目被模型预测，其正面(也就是预测为CCP)解释为（该项目），其负面解释(也就是预测为非CCP)为（该项目）。》
2508277,0,0,0.307,0.693,0.386,《现在有个项目被模型预测，其正面(也就是预测为CCP)解释为（该项目），其负面解释(也就是预测为非CCP)为（该项目）。》
2506688,0,1,0.693,0.307,0.386,《现在有个项目被模型预测，其正面(也就是预测为CCP)解释为（该项目），其负面解释(也就是预测为非CCP)为（该项目）。》
2512980,1,1,0.693,0.307,0.386,《现在有个项目被模型预测，其正面(也就是预测为CCP)解释为（该项目），其负面解释(也就是预测为非CCP)为（该项目）。》
845621,0,0,0.307,0.693,0.386,《现在有个项目被模型预测，其正面(也就是预测为CCP)解释为（该项目），其负面解释(也就是预测为非CCP)为（该项目）。》
180498,0,0,0.307,0.693,0.386,《现在有个项目被模型预测，其正面(也就是预测为CCP)解释为（该项目），其负面解释(也就是预测为非CCP)为（该项目）。》
1702325,0,0,0.306,0.694,0.388,《现在有个项目被模型预测，其正面(也就是预测为CCP)解释为（该项目），其负面解释(也就是预测为非CCP)为（该项目）。》
810640,1,0,0.305,0.695,0.39,《现在有个项目被模型预测，其正面(也就是预测为CCP)解释为（该项目），其负面解释(也就是预测为非CCP)为（该项目）。》
81060,1,0,0.305,0.695,0.39,《现在有个项目被模型预测，其正面(也就是预测为CCP)解释为（该项目），其负面解释(也就是预测为非CCP)为（该项目）。》
1286333,1,1,0.695,0.305,0.39,《现在有个项目被模型预测，其正面(也就是预测为CCP)解释为（该项目），其负面解释(也就是预测为非CCP)为（该项目）。》
2513135,1,1,0.695,0.305,0.39,《现在有个项目被模型预测，其正面(也就是预测为CCP)解释为（该项目），其负面解释(也就是预测为非CCP)为（该项目）。》
17578622,1,1,0.695,0.305,0.39,《现在有个项目被模型预测，其正面(也就是预测为CCP)解释为（该项目），其负面解释(也就是预测为非CCP)为（该项目）。》
2508040,1,1,0.696,0.304,0.392,《现在有个项目被模型预测，其正面(也就是预测为CCP)解释为（该项目），其负面解释(也就是预测为非CCP)为（该项目）。》
2517993,0,0,0.304,0.696,0.392,《现在有个项目被模型预测，其正面(也就是预测为CCP)解释为（该项目），其负面解释(也就是预测为非CCP)为（该项目）。》
783251,1,0,0.304,0.696,0.392,《现在有个项目被模型预测，其正面(也就是预测为CCP)解释为（该项目），其负面解释(也就是预测为非CCP)为（该项目）。》
2201657,0,0,0.304,0.696,0.392,《现在有个项目被模型预测，其正面(也就是预测为CCP)解释为（该项目），其负面解释(也就是预测为非CCP)为（该项目）。》
4809489,1,1,0.697,0.303,0.394,《现在有个项目被模型预测，其正面(也就是预测为CCP)解释为（该项目），其负面解释(也就是预测为非CCP)为（该项目）。》
2146599,1,0,0.302,0.698,0.396,《现在有个项目被模型预测，其正面(也就是预测为CCP)解释为（该项目），其负面解释(也就是预测为非CCP)为（该项目）。》
2515502,1,0,0.302,0.698,0.396,《现在有个项目被模型预测，其正面(也就是预测为CCP)解释为（该项目），其负面解释(也就是预测为非CCP)为（该项目）。》
2515401,1,0,0.302,0.698,0.396,《现在有个项目被模型预测，其正面(也就是预测为CCP)解释为（该项目），其负面解释(也就是预测为非CCP)为（该项目）。》
2521149,0,0,0.302,0.698,0.396,《现在有个项目被模型预测，其正面(也就是预测为CCP)解释为（该项目），其负面解释(也就是预测为非CCP)为（该项目）。》
2506505,1,0,0.302,0.698,0.396,《现在有个项目被模型预测，其正面(也就是预测为CCP)解释为（该项目），其负面解释(也就是预测为非CCP)为（该项目）。》
1854657,0,1,0.699,0.301,0.398,《现在有个项目被模型预测，其正面(也就是预测为CCP)解释为（该项目），其负面解释(也就是预测为非CCP)为（该项目）。》
2510366,1,1,0.699,0.301,0.398,《现在有个项目被模型预测，其正面(也就是预测为CCP)解释为（该项目），其负面解释(也就是预测为非CCP)为（该项目）。》
2512481,1,1,0.699,0.301,0.398,《现在有个项目被模型预测，其正面(也就是预测为CCP)解释为（该项目），其负面解释(也就是预测为非CCP)为（该项目）。》
40425,1,0,0.301,0.699,0.398,《现在有个项目被模型预测，其正面(也就是预测为CCP)解释为（该项目），其负面解释(也就是预测为非CCP)为（该项目）。》
121000,0,0,0.301,0.699,0.398,《现在有个项目被模型预测，其正面(也就是预测为CCP)解释为（该项目），其负面解释(也就是预测为非CCP)为（该项目）。》
380873,0,0,0.301,0.699,0.398,《现在有个项目被模型预测，其正面(也就是预测为CCP)解释为（该项目），其负面解释(也就是预测为非CCP)为（该项目）。》
9389602,1,1,0.699,0.301,0.398,《现在有个项目被模型预测，其正面(也就是预测为CCP)解释为（该项目），其负面解释(也就是预测为非CCP)为（该项目）。》
455423,0,1,0.7,0.3,0.4,《现在有个项目被模型预测，其正面(也就是预测为CCP)解释为（该项目），其负面解释(也就是预测为非CCP)为（该项目）。》
2510515,0,0,0.3,0.7,0.4,《现在有个项目被模型预测，其正面(也就是预测为CCP)解释为（该项目），其负面解释(也就是预测为非CCP)为（该项目）。》
2555711,1,1,0.7,0.3,0.4,《现在有个项目被模型预测，其正面(也就是预测为CCP)解释为（该项目），其负面解释(也就是预测为非CCP)为（该项目）。》
34941770,1,1,0.7,0.3,0.4,《现在有个项目被模型预测，其正面(也就是预测为CCP)解释为（该项目），其负面解释(也就是预测为非CCP)为（该项目）。》
1018525,0,0,0.3,0.7,0.4,《现在有个项目被模型预测，其正面(也就是预测为CCP)解释为（该项目），其负面解释(也就是预测为非CCP)为（该项目）。》
2510130,0,0,0.3,0.7,0.4,《现在有个项目被模型预测，其正面(也就是预测为CCP)解释为（该项目），其负面解释(也就是预测为非CCP)为（该项目）。》
146811,0,0,0.299,0.701,0.402,《现在有个项目被模型预测，其正面(也就是预测为CCP)解释为（该项目），其负面解释(也就是预测为非CCP)为（该项目）。》
2508647,1,1,0.701,0.299,0.402,《现在有个项目被模型预测，其正面(也就是预测为CCP)解释为（该项目），其负面解释(也就是预测为非CCP)为（该项目）。》
2515225,0,1,0.701,0.299,0.402,《现在有个项目被模型预测，其正面(也就是预测为CCP)解释为（该项目），其负面解释(也就是预测为非CCP)为（该项目）。》
2248365,0,0,0.299,0.701,0.402,《现在有个项目被模型预测，其正面(也就是预测为CCP)解释为（该项目），其负面解释(也就是预测为非CCP)为（该项目）。》
16156924,1,0,0.299,0.701,0.402,《现在有个项目被模型预测，其正面(也就是预测为CCP)解释为（该项目），其负面解释(也就是预测为非CCP)为（该项目）。》
45143,1,1,0.702,0.298,0.404,《现在有个项目被模型预测，其正面(也就是预测为CCP)解释为（该项目），其负面解释(也就是预测为非CCP)为（该项目）。》
777362,0,0,0.298,0.702,0.404,《现在有个项目被模型预测，其正面(也就是预测为CCP)解释为（该项目），其负面解释(也就是预测为非CCP)为（该项目）。》
1037852,0,1,0.702,0.298,0.404,《现在有个项目被模型预测，其正面(也就是预测为CCP)解释为（该项目），其负面解释(也就是预测为非CCP)为（该项目）。》
2205233,1,0,0.298,0.702,0.404,《现在有个项目被模型预测，其正面(也就是预测为CCP)解释为（该项目），其负面解释(也就是预测为非CCP)为（该项目）。》
1469005,1,1,0.702,0.298,0.404,《现在有个项目被模型预测，其正面(也就是预测为CCP)解释为（该项目），其负面解释(也就是预测为非CCP)为（该项目）。》
2538811,0,0,0.298,0.702,0.404,《现在有个项目被模型预测，其正面(也就是预测为CCP)解释为（该项目），其负面解释(也就是预测为非CCP)为（该项目）。》
2516960,1,1,0.702,0.298,0.404,《现在有个项目被模型预测，其正面(也就是预测为CCP)解释为（该项目），其负面解释(也就是预测为非CCP)为（该项目）。》
35046942,1,1,0.702,0.298,0.404,《现在有个项目被模型预测，其正面(也就是预测为CCP)解释为（该项目），其负面解释(也就是预测为非CCP)为（该项目）。》
1459652,1,1,0.703,0.297,0.406,《现在有个项目被模型预测，其正面(也就是预测为CCP)解释为（该项目），其负面解释(也就是预测为非CCP)为（该项目）。》
2512443,0,0,0.297,0.703,0.406,《现在有个项目被模型预测，其正面(也就是预测为CCP)解释为（该项目），其负面解释(也就是预测为非CCP)为（该项目）。》
2518035,0,0,0.297,0.703,0.406,《现在有个项目被模型预测，其正面(也就是预测为CCP)解释为（该项目），其负面解释(也就是预测为非CCP)为（该项目）。》
875974,0,0,0.297,0.703,0.406,《现在有个项目被模型预测，其正面(也就是预测为CCP)解释为（该项目），其负面解释(也就是预测为非CCP)为（该项目）。》
2518420,0,0,0.297,0.703,0.406,《现在有个项目被模型预测，其正面(也就是预测为CCP)解释为（该项目），其负面解释(也就是预测为非CCP)为（该项目）。》
2507979,0,0,0.296,0.704,0.408,《现在有个项目被模型预测，其正面(也就是预测为CCP)解释为（该项目），其负面解释(也就是预测为非CCP)为（该项目）。》
2596590,1,0,0.296,0.704,0.408,《现在有个项目被模型预测，其正面(也就是预测为CCP)解释为（该项目），其负面解释(也就是预测为非CCP)为（该项目）。》
2509530,1,1,0.705,0.295,0.41,《现在有个项目被模型预测，其正面(也就是预测为CCP)解释为（该项目），其负面解释(也就是预测为非CCP)为（该项目）。》
110377,0,0,0.295,0.705,0.41,《现在有个项目被模型预测，其正面(也就是预测为CCP)解释为（该项目），其负面解释(也就是预测为非CCP)为（该项目）。》
2508246,0,1,0.705,0.295,0.41,《现在有个项目被模型预测，其正面(也就是预测为CCP)解释为（该项目），其负面解释(也就是预测为非CCP)为（该项目）。》
258294,0,0,0.294,0.706,0.412,《现在有个项目被模型预测，其正面(也就是预测为CCP)解释为（该项目），其负面解释(也就是预测为非CCP)为（该项目）。》
740660,0,0,0.294,0.706,0.412,《现在有个项目被模型预测，其正面(也就是预测为CCP)解释为（该项目），其负面解释(也就是预测为非CCP)为（该项目）。》
7062157,1,1,0.706,0.294,0.412,《现在有个项目被模型预测，其正面(也就是预测为CCP)解释为（该项目），其负面解释(也就是预测为非CCP)为（该项目）。》
2514567,0,0,0.294,0.706,0.412,《现在有个项目被模型预测，其正面(也就是预测为CCP)解释为（该项目），其负面解释(也就是预测为非CCP)为（该项目）。》
33780280,1,1,0.707,0.293,0.414,《现在有个项目被模型预测，其正面(也就是预测为CCP)解释为（该项目），其负面解释(也就是预测为非CCP)为（该项目）。》
922661,1,0,0.293,0.707,0.414,《现在有个项目被模型预测，其正面(也就是预测为CCP)解释为（该项目），其负面解释(也就是预测为非CCP)为（该项目）。》
2508365,1,0,0.292,0.708,0.416,《现在有个项目被模型预测，其正面(也就是预测为CCP)解释为（该项目），其负面解释(也就是预测为非CCP)为（该项目）。》
2513306,0,0,0.292,0.708,0.416,《现在有个项目被模型预测，其正面(也就是预测为CCP)解释为（该项目），其负面解释(也就是预测为非CCP)为（该项目）。》
1496207,0,0,0.292,0.708,0.416,《现在有个项目被模型预测，其正面(也就是预测为CCP)解释为（该项目），其负面解释(也就是预测为非CCP)为（该项目）。》
809320,0,0,0.292,0.708,0.416,《现在有个项目被模型预测，其正面(也就是预测为CCP)解释为（该项目），其负面解释(也就是预测为非CCP)为（该项目）。》
266845,0,1,0.709,0.291,0.418,《现在有个项目被模型预测，其正面(也就是预测为CCP)解释为（该项目），其负面解释(也就是预测为非CCP)为（该项目）。》
1053840,0,0,0.291,0.709,0.418,《现在有个项目被模型预测，其正面(也就是预测为CCP)解释为（该项目），其负面解释(也就是预测为非CCP)为（该项目）。》
1132811,1,0,0.291,0.709,0.418,《现在有个项目被模型预测，其正面(也就是预测为CCP)解释为（该项目），其负面解释(也就是预测为非CCP)为（该项目）。》
1320739,0,0,0.29,0.71,0.42,《现在有个项目被模型预测，其正面(也就是预测为CCP)解释为（该项目），其负面解释(也就是预测为非CCP)为（该项目）。》
2507488,0,0,0.29,0.71,0.42,《现在有个项目被模型预测，其正面(也就是预测为CCP)解释为（该项目），其负面解释(也就是预测为非CCP)为（该项目）。》
2514565,1,1,0.71,0.29,0.42,《现在有个项目被模型预测，其正面(也就是预测为CCP)解释为（该项目），其负面解释(也就是预测为非CCP)为（该项目）。》
2519459,1,1,0.71,0.29,0.42,《现在有个项目被模型预测，其正面(也就是预测为CCP)解释为（该项目），其负面解释(也就是预测为非CCP)为（该项目）。》
2226271,0,0,0.29,0.71,0.42,《现在有个项目被模型预测，其正面(也就是预测为CCP)解释为（该项目），其负面解释(也就是预测为非CCP)为（该项目）。》
53811,1,1,0.71,0.29,0.42,《现在有个项目被模型预测，其正面(也就是预测为CCP)解释为（该项目），其负面解释(也就是预测为非CCP)为（该项目）。》
277177,0,0,0.29,0.71,0.42,《现在有个项目被模型预测，其正面(也就是预测为CCP)解释为（该项目），其负面解释(也就是预测为非CCP)为（该项目）。》
12720926,0,0,0.29,0.71,0.42,《现在有个项目被模型预测，其正面(也就是预测为CCP)解释为（该项目），其负面解释(也就是预测为非CCP)为（该项目）。》
51138,0,1,0.711,0.289,0.422,《现在有个项目被模型预测，其正面(也就是预测为CCP)解释为（该项目），其负面解释(也就是预测为非CCP)为（该项目）。》
800820,0,0,0.289,0.711,0.422,《现在有个项目被模型预测，其正面(也就是预测为CCP)解释为（该项目），其负面解释(也就是预测为非CCP)为（该项目）。》
4994199,0,1,0.711,0.289,0.422,《现在有个项目被模型预测，其正面(也就是预测为CCP)解释为（该项目），其负面解释(也就是预测为非CCP)为（该项目）。》
2506488,1,1,0.712,0.288,0.424,《现在有个项目被模型预测，其正面(也就是预测为CCP)解释为（该项目），其负面解释(也就是预测为非CCP)为（该项目）。》
2513578,0,0,0.288,0.712,0.424,《现在有个项目被模型预测，其正面(也就是预测为CCP)解释为（该项目），其负面解释(也就是预测为非CCP)为（该项目）。》
2517557,1,1,0.712,0.288,0.424,《现在有个项目被模型预测，其正面(也就是预测为CCP)解释为（该项目），其负面解释(也就是预测为非CCP)为（该项目）。》
767759,1,1,0.712,0.288,0.424,《现在有个项目被模型预测，其正面(也就是预测为CCP)解释为（该项目），其负面解释(也就是预测为非CCP)为（该项目）。》
48016,0,0,0.288,0.712,0.424,《现在有个项目被模型预测，其正面(也就是预测为CCP)解释为（该项目），其负面解释(也就是预测为非CCP)为（该项目）。》
3974763,0,0,0.288,0.712,0.424,《现在有个项目被模型预测，其正面(也就是预测为CCP)解释为（该项目），其负面解释(也就是预测为非CCP)为（该项目）。》
728920,0,0,0.287,0.713,0.426,《现在有个项目被模型预测，其正面(也就是预测为CCP)解释为（该项目），其负面解释(也就是预测为非CCP)为（该项目）。》
2513644,0,1,0.713,0.287,0.426,《现在有个项目被模型预测，其正面(也就是预测为CCP)解释为（该项目），其负面解释(也就是预测为非CCP)为（该项目）。》
2515327,1,0,0.287,0.713,0.426,《现在有个项目被模型预测，其正面(也就是预测为CCP)解释为（该项目），其负面解释(也就是预测为非CCP)为（该项目）。》
2212499,1,1,0.713,0.287,0.426,《现在有个项目被模型预测，其正面(也就是预测为CCP)解释为（该项目），其负面解释(也就是预测为非CCP)为（该项目）。》
2506592,0,0,0.287,0.713,0.426,《现在有个项目被模型预测，其正面(也就是预测为CCP)解释为（该项目），其负面解释(也就是预测为非CCP)为（该项目）。》
893086,0,0,0.287,0.713,0.426,《现在有个项目被模型预测，其正面(也就是预测为CCP)解释为（该项目），其负面解释(也就是预测为非CCP)为（该项目）。》
242957,0,1,0.713,0.287,0.426,《现在有个项目被模型预测，其正面(也就是预测为CCP)解释为（该项目），其负面解释(也就是预测为非CCP)为（该项目）。》
530803,0,1,0.714,0.286,0.428,《现在有个项目被模型预测，其正面(也就是预测为CCP)解释为（该项目），其负面解释(也就是预测为非CCP)为（该项目）。》
2513748,1,1,0.714,0.286,0.428,《现在有个项目被模型预测，其正面(也就是预测为CCP)解释为（该项目），其负面解释(也就是预测为非CCP)为（该项目）。》
2512939,1,1,0.714,0.286,0.428,《现在有个项目被模型预测，其正面(也就是预测为CCP)解释为（该项目），其负面解释(也就是预测为非CCP)为（该项目）。》
2513166,0,0,0.286,0.714,0.428,《现在有个项目被模型预测，其正面(也就是预测为CCP)解释为（该项目），其负面解释(也就是预测为非CCP)为（该项目）。》
729553,1,1,0.715,0.285,0.43,《现在有个项目被模型预测，其正面(也就是预测为CCP)解释为（该项目），其负面解释(也就是预测为非CCP)为（该项目）。》
2513404,1,1,0.715,0.285,0.43,《现在有个项目被模型预测，其正面(也就是预测为CCP)解释为（该项目），其负面解释(也就是预测为非CCP)为（该项目）。》
137777,1,1,0.715,0.285,0.43,《现在有个项目被模型预测，其正面(也就是预测为CCP)解释为（该项目），其负面解释(也就是预测为非CCP)为（该项目）。》
2226121,0,0,0.285,0.715,0.43,《现在有个项目被模型预测，其正面(也就是预测为CCP)解释为（该项目），其负面解释(也就是预测为非CCP)为（该项目）。》
147400,1,0,0.285,0.715,0.43,《现在有个项目被模型预测，其正面(也就是预测为CCP)解释为（该项目），其负面解释(也就是预测为非CCP)为（该项目）。》
954478,0,0,0.285,0.715,0.43,《现在有个项目被模型预测，其正面(也就是预测为CCP)解释为（该项目），其负面解释(也就是预测为非CCP)为（该项目）。》
798623,1,1,0.716,0.284,0.432,《现在有个项目被模型预测，其正面(也就是预测为CCP)解释为（该项目），其负面解释(也就是预测为非CCP)为（该项目）。》
2535810,0,1,0.716,0.284,0.432,《现在有个项目被模型预测，其正面(也就是预测为CCP)解释为（该项目），其负面解释(也就是预测为非CCP)为（该项目）。》
2230567,0,1,0.717,0.283,0.434,《现在有个项目被模型预测，其正面(也就是预测为CCP)解释为（该项目），其负面解释(也就是预测为非CCP)为（该项目）。》
2511893,1,1,0.717,0.283,0.434,《现在有个项目被模型预测，其正面(也就是预测为CCP)解释为（该项目），其负面解释(也就是预测为非CCP)为（该项目）。》
2513208,1,0,0.283,0.717,0.434,《现在有个项目被模型预测，其正面(也就是预测为CCP)解释为（该项目），其负面解释(也就是预测为非CCP)为（该项目）。》
3871125,0,0,0.283,0.717,0.434,《现在有个项目被模型预测，其正面(也就是预测为CCP)解释为（该项目），其负面解释(也就是预测为非CCP)为（该项目）。》
3768166,0,0,0.283,0.717,0.434,《现在有个项目被模型预测，其正面(也就是预测为CCP)解释为（该项目），其负面解释(也就是预测为非CCP)为（该项目）。》
2506399,0,1,0.717,0.283,0.434,《现在有个项目被模型预测，其正面(也就是预测为CCP)解释为（该项目），其负面解释(也就是预测为非CCP)为（该项目）。》
2516261,0,0,0.283,0.717,0.434,《现在有个项目被模型预测，其正面(也就是预测为CCP)解释为（该项目），其负面解释(也就是预测为非CCP)为（该项目）。》
2513773,0,0,0.283,0.717,0.434,《现在有个项目被模型预测，其正面(也就是预测为CCP)解释为（该项目），其负面解释(也就是预测为非CCP)为（该项目）。》
2507817,0,0,0.282,0.718,0.436,《现在有个项目被模型预测，其正面(也就是预测为CCP)解释为（该项目），其负面解释(也就是预测为非CCP)为（该项目）。》
10413404,1,1,0.718,0.282,0.436,《现在有个项目被模型预测，其正面(也就是预测为CCP)解释为（该项目），其负面解释(也就是预测为非CCP)为（该项目）。》
87477,1,1,0.719,0.281,0.438,《现在有个项目被模型预测，其正面(也就是预测为CCP)解释为（该项目），其负面解释(也就是预测为非CCP)为（该项目）。》
2506928,1,1,0.719,0.281,0.438,《现在有个项目被模型预测，其正面(也就是预测为CCP)解释为（该项目），其负面解释(也就是预测为非CCP)为（该项目）。》
2508010,0,0,0.281,0.719,0.438,《现在有个项目被模型预测，其正面(也就是预测为CCP)解释为（该项目），其负面解释(也就是预测为非CCP)为（该项目）。》
2562664,0,1,0.719,0.281,0.438,《现在有个项目被模型预测，其正面(也就是预测为CCP)解释为（该项目），其负面解释(也就是预测为非CCP)为（该项目）。》
2514445,1,0,0.281,0.719,0.438,《现在有个项目被模型预测，其正面(也就是预测为CCP)解释为（该项目），其负面解释(也就是预测为非CCP)为（该项目）。》
2514441,1,0,0.281,0.719,0.438,《现在有个项目被模型预测，其正面(也就是预测为CCP)解释为（该项目），其负面解释(也就是预测为非CCP)为（该项目）。》
2229493,0,0,0.281,0.719,0.438,《现在有个项目被模型预测，其正面(也就是预测为CCP)解释为（该项目），其负面解释(也就是预测为非CCP)为（该项目）。》
2528209,0,0,0.281,0.719,0.438,《现在有个项目被模型预测，其正面(也就是预测为CCP)解释为（该项目），其负面解释(也就是预测为非CCP)为（该项目）。》
40322,1,1,0.72,0.28,0.44,《现在有个项目被模型预测，其正面(也就是预测为CCP)解释为（该项目），其负面解释(也就是预测为非CCP)为（该项目）。》
2508691,1,1,0.72,0.28,0.44,《现在有个项目被模型预测，其正面(也就是预测为CCP)解释为（该项目），其负面解释(也就是预测为非CCP)为（该项目）。》
455385,1,1,0.72,0.28,0.44,《现在有个项目被模型预测，其正面(也就是预测为CCP)解释为（该项目），其负面解释(也就是预测为非CCP)为（该项目）。》
34941894,1,1,0.72,0.28,0.44,《现在有个项目被模型预测，其正面(也就是预测为CCP)解释为（该项目），其负面解释(也就是预测为非CCP)为（该项目）。》
680719,1,1,0.721,0.279,0.442,《现在有个项目被模型预测，其正面(也就是预测为CCP)解释为（该项目），其负面解释(也就是预测为非CCP)为（该项目）。》
2514053,0,1,0.721,0.279,0.442,《现在有个项目被模型预测，其正面(也就是预测为CCP)解释为（该项目），其负面解释(也就是预测为非CCP)为（该项目）。》
2347283,1,1,0.721,0.279,0.442,《现在有个项目被模型预测，其正面(也就是预测为CCP)解释为（该项目），其负面解释(也就是预测为非CCP)为（该项目）。》
2507778,1,1,0.721,0.279,0.442,《现在有个项目被模型预测，其正面(也就是预测为CCP)解释为（该项目），其负面解释(也就是预测为非CCP)为（该项目）。》
1155485,0,0,0.279,0.721,0.442,《现在有个项目被模型预测，其正面(也就是预测为CCP)解释为（该项目），其负面解释(也就是预测为非CCP)为（该项目）。》
81569,0,0,0.278,0.722,0.444,《现在有个项目被模型预测，其正面(也就是预测为CCP)解释为（该项目），其负面解释(也就是预测为非CCP)为（该项目）。》
1078426,1,1,0.722,0.278,0.444,《现在有个项目被模型预测，其正面(也就是预测为CCP)解释为（该项目），其负面解释(也就是预测为非CCP)为（该项目）。》
2511531,1,0,0.278,0.722,0.444,《现在有个项目被模型预测，其正面(也就是预测为CCP)解释为（该项目），其负面解释(也就是预测为非CCP)为（该项目）。》
89742,1,1,0.722,0.278,0.444,《现在有个项目被模型预测，其正面(也就是预测为CCP)解释为（该项目），其负面解释(也就是预测为非CCP)为（该项目）。》
708298,1,1,0.723,0.277,0.446,《现在有个项目被模型预测，其正面(也就是预测为CCP)解释为（该项目），其负面解释(也就是预测为非CCP)为（该项目）。》
950072,0,1,0.723,0.277,0.446,《现在有个项目被模型预测，其正面(也就是预测为CCP)解释为（该项目），其负面解释(也就是预测为非CCP)为（该项目）。》
516785,0,0,0.277,0.723,0.446,《现在有个项目被模型预测，其正面(也就是预测为CCP)解释为（该项目），其负面解释(也就是预测为非CCP)为（该项目）。》
2511449,1,1,0.723,0.277,0.446,《现在有个项目被模型预测，其正面(也就是预测为CCP)解释为（该项目），其负面解释(也就是预测为非CCP)为（该项目）。》
6943002,0,0,0.277,0.723,0.446,《现在有个项目被模型预测，其正面(也就是预测为CCP)解释为（该项目），其负面解释(也就是预测为非CCP)为（该项目）。》
2530950,1,1,0.723,0.277,0.446,《现在有个项目被模型预测，其正面(也就是预测为CCP)解释为（该项目），其负面解释(也就是预测为非CCP)为（该项目）。》
96835,0,0,0.276,0.724,0.448,《现在有个项目被模型预测，其正面(也就是预测为CCP)解释为（该项目），其负面解释(也就是预测为非CCP)为（该项目）。》
2225897,0,1,0.724,0.276,0.448,《现在有个项目被模型预测，其正面(也就是预测为CCP)解释为（该项目），其负面解释(也就是预测为非CCP)为（该项目）。》
2512159,0,0,0.276,0.724,0.448,《现在有个项目被模型预测，其正面(也就是预测为CCP)解释为（该项目），其负面解释(也就是预测为非CCP)为（该项目）。》
2517624,1,1,0.724,0.276,0.448,《现在有个项目被模型预测，其正面(也就是预测为CCP)解释为（该项目），其负面解释(也就是预测为非CCP)为（该项目）。》
376775,0,0,0.276,0.724,0.448,《现在有个项目被模型预测，其正面(也就是预测为CCP)解释为（该项目），其负面解释(也就是预测为非CCP)为（该项目）。》
511702,1,0,0.276,0.724,0.448,《现在有个项目被模型预测，其正面(也就是预测为CCP)解释为（该项目），其负面解释(也就是预测为非CCP)为（该项目）。》
